Gene_set,Term,Overlap,P-value,Adjusted P-value,Odds Ratio,Combined Score,Genes,group,pathway_db,n_genes
KEGG_2021_Human_fixed.gmt,AGE-RAGE signaling pathway in diabetic complications,2/100,0.1831727898302338,0.39852458327929247,3.267508563410507,5.546025164707548,IL1B;RAC1,5,KEGG,100
KEGG_2021_Human_fixed.gmt,Acute myeloid leukemia,1/67,0.40947417706348976,0.6048196560295583,2.8689924812030076,2.5616701303668306,SPI1,5,KEGG,100
KEGG_2021_Human_fixed.gmt,Adherens junction,3/71,0.01773910065006741,0.06346656010357452,6.712010617120106,27.062719413030283,ACTB;ACTG1;RAC1,5,KEGG,100
KEGG_2021_Human_fixed.gmt,African trypanosomiasis,1/37,0.25199279205690117,0.47175394792047776,5.246794520547946,7.231944384877638,IL1B,5,KEGG,100
KEGG_2021_Human_fixed.gmt,Allograft rejection,10/38,1.5754715313496387e-13,3.1706364568411483e-12,55.00491883915396,1621.4928405189455,HLA-DRB1;HLA-DMB;HLA-DPB1;HLA-DRA;HLA-DQA2;HLA-DQB1;HLA-DPA1;HLA-DQA1;HLA-DMA;HLA-DRB5,5,KEGG,100
KEGG_2021_Human_fixed.gmt,Alzheimer disease,5/369,0.1596089067050192,0.36193005604940975,1.9735851711160353,3.621585606740991,SLC25A6;GAPDH;IL1B;BID;TUBA1B,5,KEGG,100
KEGG_2021_Human_fixed.gmt,Amoebiasis,4/102,0.00807268985852039,0.035127109924913046,6.079213411252826,29.297361919129703,RAB7A;CD1D;IL1B;CD1C,5,KEGG,100
KEGG_2021_Human_fixed.gmt,Amyotrophic lateral sclerosis,7/364,0.02250367885589315,0.07708707012337866,2.843678445448357,10.789133502096382,ACTB;GPX1;ACTG1;BID;TUBA1B;GABARAP;RAC1,5,KEGG,100
KEGG_2021_Human_fixed.gmt,Antigen processing and presentation,12/78,4.921259564593615e-13,7.202934453632473e-12,29.014891597926855,822.2832378677198,HLA-DRB1;HLA-DMB;HLA-DPB1;HLA-DRA;HLA-DQA2;HLA-DQB1;IFI30;HLA-DPA1;HLA-DQA1;HLA-DMA;HLA-DRB5;CD74,5,KEGG,100
KEGG_2021_Human_fixed.gmt,Apelin signaling pathway,1/137,0.6610201088397389,0.7442254372251607,1.3854065934065933,0.5735181774671678,GABARAP,5,KEGG,100
KEGG_2021_Human_fixed.gmt,Apoptosis,5/142,0.004853735410742999,0.023680345488776452,5.387008547008547,28.702017538186343,ACTB;ACTG1;BID;CTSH;TUBA1B,5,KEGG,100
KEGG_2021_Human_fixed.gmt,Arachidonic acid metabolism,1/61,0.3808396826236448,0.5730391486206244,3.155900826446281,3.0466333555021596,GPX1,5,KEGG,100
KEGG_2021_Human_fixed.gmt,Arginine and proline metabolism,2/50,0.05773659364960033,0.17876137649203178,6.677981728270891,19.044696358828624,LAP3;ALDH2,5,KEGG,100
KEGG_2021_Human_fixed.gmt,Arrhythmogenic right ventricular cardiomyopathy,2/77,0.12090552510059085,0.2994736852491558,4.275292090669251,9.032605505165103,ACTB;ACTG1,5,KEGG,100
KEGG_2021_Human_fixed.gmt,Ascorbate and aldarate metabolism,1/30,0.2096743826762662,0.4167601927268995,6.497491525423729,10.15037807925586,ALDH2,5,KEGG,100
KEGG_2021_Human_fixed.gmt,Asthma,12/31,2.1074135640495887e-18,3.392935838119838e-16,99.53323375653473,4051.1091420555927,FCER1G;HLA-DRB1;HLA-DMB;HLA-DPB1;HLA-DRA;HLA-DQA2;HLA-DQB1;HLA-DPA1;HLA-DQA1;HLA-DMA;FCER1A;HLA-DRB5,5,KEGG,100
KEGG_2021_Human_fixed.gmt,Autoimmune thyroid disease,10/53,5.938847341698909e-12,6.829674442953746e-11,35.97002900418949,929.8074824201394,HLA-DRB1;HLA-DMB;HLA-DPB1;HLA-DRA;HLA-DQA2;HLA-DQB1;HLA-DPA1;HLA-DQA1;HLA-DMA;HLA-DRB5,5,KEGG,100
KEGG_2021_Human_fixed.gmt,Autophagy,2/137,0.289686761891622,0.501500738328507,2.3641736417364174,2.9291049225608514,RAB7A;GABARAP,5,KEGG,100
KEGG_2021_Human_fixed.gmt,Axon guidance,1/182,0.7633674715235904,0.8085668612848557,1.0359669421487603,0.2797273904264658,RAC1,5,KEGG,100
KEGG_2021_Human_fixed.gmt,B cell receptor signaling pathway,1/81,0.4713167889252618,0.6396077396002712,2.365863354037267,1.7796611429692257,RAC1,5,KEGG,100
KEGG_2021_Human_fixed.gmt,Bacterial invasion of epithelial cells,5/77,0.0003151640634403936,0.0017497039384104611,10.301031535514294,83.05121401929517,ACTB;ACTG1;ARPC3;ARPC1B;RAC1,5,KEGG,100
KEGG_2021_Human_fixed.gmt,Bladder cancer,1/41,0.2751650890949448,0.49223977049206796,4.726222222222222,6.098641713026823,TYMP,5,KEGG,100
KEGG_2021_Human_fixed.gmt,C-type lectin receptor signaling pathway,4/104,0.008634617479866222,0.03658351090153847,5.956728960240813,28.306232266302604,FCER1G;IL1B;PYCARD;LSP1,5,KEGG,100
KEGG_2021_Human_fixed.gmt,Calcium signaling pathway,1/240,0.8515579801343818,0.8732537248511814,0.7792734864300627,0.1252196559736985,SLC25A6,5,KEGG,100
KEGG_2021_Human_fixed.gmt,Cell adhesion molecules,10/148,1.7501778210030126e-07,1.225124474702109e-06,11.162826006275516,173.67546941359473,HLA-DRB1;HLA-DMB;HLA-DPB1;HLA-DRA;HLA-DQA2;HLA-DQB1;HLA-DPA1;HLA-DQA1;HLA-DMA;HLA-DRB5,5,KEGG,100
KEGG_2021_Human_fixed.gmt,Cellular senescence,1/156,0.7086776128127263,0.7707393979286522,1.2131961414790997,0.41776962683354835,SLC25A6,5,KEGG,100
KEGG_2021_Human_fixed.gmt,Chagas disease,1/102,0.5523156544714626,0.6735918308876611,1.871408866995074,1.110934847624876,IL1B,5,KEGG,100
KEGG_2021_Human_fixed.gmt,Chemical carcinogenesis,2/239,0.5606292257077428,0.6735918308876611,1.3313649978605049,0.7704549447064953,KLF4;GSTP1,5,KEGG,100
KEGG_2021_Human_fixed.gmt,Chemokine signaling pathway,1/192,0.7815940879106213,0.8171210919065587,0.9806161879895562,0.24164318840614546,RAC1,5,KEGG,100
KEGG_2021_Human_fixed.gmt,Choline metabolism in cancer,1/98,0.537891993446519,0.6735918308876611,1.9491692307692308,1.2086749566490353,RAC1,5,KEGG,100
KEGG_2021_Human_fixed.gmt,Colorectal cancer,1/86,0.49182100989817273,0.6598598549467151,2.2261052631578946,1.579734295508024,RAC1,5,KEGG,100
KEGG_2021_Human_fixed.gmt,Coronavirus disease,2/232,0.5443569119518867,0.6735918308876611,1.373031409272878,0.8350092700138115,IL1B;RPS11,5,KEGG,100
KEGG_2021_Human_fixed.gmt,Cytokine-cytokine receptor interaction,1/295,0.9049133311745374,0.9220952298677249,0.6292563667232598,0.06287284616974775,IL1B,5,KEGG,100
KEGG_2021_Human_fixed.gmt,Cytosolic DNA-sensing pathway,2/63,0.08637447130632336,0.23569982847996712,5.257783065635534,12.87664258756711,IL1B;PYCARD,5,KEGG,100
KEGG_2021_Human_fixed.gmt,Diabetic cardiomyopathy,4/203,0.0732952079345169,0.21072372281173607,2.9632273962216464,7.743683768545997,SLC25A6;RAC1;CYBA;GAPDH,5,KEGG,100
KEGG_2021_Human_fixed.gmt,Dilated cardiomyopathy,2/96,0.17198971396369686,0.37931978011171497,3.407536456316944,5.998356641432805,ACTB;ACTG1,5,KEGG,100
KEGG_2021_Human_fixed.gmt,Drug metabolism,2/108,0.20584261125595266,0.4167601927268995,3.0190083590976755,4.77197571354103,TYMP;GSTP1,5,KEGG,100
KEGG_2021_Human_fixed.gmt,Endocrine and other factor-regulated calcium reabsorption,1/53,0.34052542871036195,0.5428177625977058,3.640457142857143,3.9217387956951693,AP2S1,5,KEGG,100
KEGG_2021_Human_fixed.gmt,Endocytosis,6/252,0.013358730492511916,0.05243032927818018,3.5630478878207956,15.376636512101848,AP2S1;ARF3;RAB7A;ARPC3;ARPC1B;ARF5,5,KEGG,100
KEGG_2021_Human_fixed.gmt,Epithelial cell signaling in Helicobacter pylori infection,1/70,0.4232986285629396,0.6139736864741737,2.744115107913669,2.359053662600134,RAC1,5,KEGG,100
KEGG_2021_Human_fixed.gmt,Epstein-Barr virus infection,13/202,3.54595249790041e-09,3.0047281692735054e-08,11.040805663679825,214.8260238079167,HLA-DRB1;HLA-DMB;HLA-DPB1;HLA-DRA;BID;HLA-DQA2;HLA-DQB1;HLA-DPA1;HLA-DQA1;VIM;HLA-DMA;RAC1;HLA-DRB5,5,KEGG,100
KEGG_2021_Human_fixed.gmt,Ether lipid metabolism,1/49,0.31941049931743787,0.5228163898328024,3.942680412371134,4.4996950927840675,PLD4,5,KEGG,100
KEGG_2021_Human_fixed.gmt,Fatty acid degradation,1/43,0.28648484566422544,0.5013484799123945,4.502682352941177,5.628666503207473,ALDH2,5,KEGG,100
KEGG_2021_Human_fixed.gmt,Fc epsilon RI signaling pathway,3/68,0.015812202001631165,0.05785828459687767,7.022080625828023,29.120381275976413,FCER1G;FCER1A;RAC1,5,KEGG,100
KEGG_2021_Human_fixed.gmt,Fc gamma R-mediated phagocytosis,4/97,0.006774707277973673,0.031297629134249265,6.408349436031097,32.00688011572935,ARPC1B;RAC1;ARPC3;GSN,5,KEGG,100
KEGG_2021_Human_fixed.gmt,Ferroptosis,1/41,0.2751650890949448,0.49223977049206796,4.726222222222222,6.098641713026823,FTH1,5,KEGG,100
KEGG_2021_Human_fixed.gmt,Fluid shear stress and atherosclerosis,6/139,0.0007074609965852316,0.003674232917749106,6.674645823155838,48.41673315234374,ACTB;ACTG1;IL1B;CYBA;GSTP1;RAC1,5,KEGG,100
KEGG_2021_Human_fixed.gmt,Focal adhesion,3/201,0.2064146796622711,0.4167601927268995,2.2783479401294837,3.594932593549588,ACTB;ACTG1;RAC1,5,KEGG,100
KEGG_2021_Human_fixed.gmt,FoxO signaling pathway,1/131,0.644434124702051,0.7370281151518027,1.450206896551724,0.6371957830528687,GABARAP,5,KEGG,100
KEGG_2021_Human_fixed.gmt,GABAergic synapse,1/89,0.5037457511412676,0.6647792289651155,2.1498305084745764,1.4741035229046902,GABARAP,5,KEGG,100
KEGG_2021_Human_fixed.gmt,Gap junction,1/88,0.49980176001245485,0.6647792289651155,2.1746742857142856,1.5082317355563444,TUBA1B,5,KEGG,100
KEGG_2021_Human_fixed.gmt,Gastric acid secretion,2/76,0.11833577829508576,0.2994736852491558,4.333224204725269,9.24809326708576,ACTB;ACTG1,5,KEGG,100
KEGG_2021_Human_fixed.gmt,Glutathione metabolism,3/57,0.009806723764421143,0.04048416733517446,8.45105769959815,39.08349693440794,LAP3;GSTP1;GPX1,5,KEGG,100
KEGG_2021_Human_fixed.gmt,Glycerolipid metabolism,1/61,0.3808396826236448,0.5730391486206244,3.155900826446281,3.0466333555021596,ALDH2,5,KEGG,100
KEGG_2021_Human_fixed.gmt,Glycerophospholipid metabolism,1/98,0.537891993446519,0.6735918308876611,1.9491692307692308,1.2086749566490353,PLD4,5,KEGG,100
KEGG_2021_Human_fixed.gmt,Glycolysis / Gluconeogenesis,2/67,0.09589894764909689,0.25732884285841,4.934214609321666,11.568070118031438,ALDH2;GAPDH,5,KEGG,100
KEGG_2021_Human_fixed.gmt,Graft-versus-host disease,11/42,9.222116496960852e-15,4.92797482821747e-13,55.5233560090703,1794.3578366512627,HLA-DRB1;HLA-DMB;IL1B;HLA-DPB1;HLA-DRA;HLA-DQA2;HLA-DQB1;HLA-DPA1;HLA-DQA1;HLA-DMA;HLA-DRB5,5,KEGG,100
KEGG_2021_Human_fixed.gmt,HIF-1 signaling pathway,1/109,0.5764985099532444,0.6875278526109062,1.7491244239631336,0.9633871648796183,GAPDH,5,KEGG,100
KEGG_2021_Human_fixed.gmt,Hematopoietic cell lineage,14/99,1.5304269652849285e-14,4.92797482821747e-13,27.170476696792488,864.3103762700192,CD1C;HLA-DRB1;HLA-DMB;IL1B;HLA-DPB1;HLA-DRA;HLA-DQA2;HLA-DQB1;HLA-DPA1;CD1D;HLA-DQA1;HLA-DMA;CD33;HLA-DRB5,5,KEGG,100
KEGG_2021_Human_fixed.gmt,Hepatitis B,1/162,0.722308894614955,0.775278213553385,1.167232198142415,0.3797034350705421,BID,5,KEGG,100
KEGG_2021_Human_fixed.gmt,Hepatitis C,1/157,0.7109943649451167,0.7707393979286522,1.2052907348242812,0.4111135505336996,BID,5,KEGG,100
KEGG_2021_Human_fixed.gmt,Hepatocellular carcinoma,3/168,0.1429027789984378,0.3433932450559476,2.744176175376395,5.339043775171044,ACTB;ACTG1;GSTP1,5,KEGG,100
KEGG_2021_Human_fixed.gmt,Herpes simplex virus 1 infection,14/498,2.1637239371067218e-05,0.00012902205699043785,4.553554117021609,48.910155914077706,HLA-DRB1;HLA-DMB;IL1B;HLA-DPB1;HLA-DRA;BID;HLA-DQA2;HLA-DQB1;HLA-DPA1;HLA-DQA1;HLA-DMA;CFP;HLA-DRB5;CD74,5,KEGG,100
KEGG_2021_Human_fixed.gmt,Hippo signaling pathway,3/163,0.1339448011653107,0.32674413617598524,2.8314667490538348,5.692175458218379,ACTB;ACTG1;ID2,5,KEGG,100
KEGG_2021_Human_fixed.gmt,Histidine metabolism,1/22,0.15842055286680096,0.36193005604940975,8.924093023255814,16.442659735002728,ALDH2,5,KEGG,100
KEGG_2021_Human_fixed.gmt,Human T-cell leukemia virus 1 infection,12/219,9.199335319886866e-08,6.732240847735388e-07,9.133816820680781,147.98198543868855,SLC25A6;HLA-DRB1;HLA-DMB;HLA-DPB1;HLA-DRA;HLA-DQA2;HLA-DQB1;HLA-DPA1;HLA-DQA1;HLA-DMA;HLA-DRB5;SPI1,5,KEGG,100
KEGG_2021_Human_fixed.gmt,Human cytomegalovirus infection,3/225,0.2560597777873603,0.4738577496984483,2.02635342185904,2.760591145057199,IL1B;RAC1;BID,5,KEGG,100
KEGG_2021_Human_fixed.gmt,Human immunodeficiency virus 1 infection,4/212,0.08297457869723314,0.2303259856940437,2.832053684783266,7.049607502048024,RAC1;BID;SAMHD1;AP1S2,5,KEGG,100
KEGG_2021_Human_fixed.gmt,Huntington disease,4/306,0.21539479171436648,0.41781399356642174,1.9285089242308493,2.960806376887812,TUBA1B;SLC25A6;AP2S1;GPX1,5,KEGG,100
KEGG_2021_Human_fixed.gmt,Hypertrophic cardiomyopathy,2/90,0.1554546542141293,0.36193005604940975,3.641311836847182,6.777942232371054,ACTB;ACTG1,5,KEGG,100
KEGG_2021_Human_fixed.gmt,IL-17 signaling pathway,1/94,0.5230112350005451,0.6735918308876611,2.033582887700535,1.3180714936451126,IL1B,5,KEGG,100
KEGG_2021_Human_fixed.gmt,Inflammatory bowel disease,11/65,1.6819356529856506e-12,2.256597001089081e-11,31.99903888160769,867.5283690099442,HLA-DRB1;HLA-DMB;IL1B;HLA-DPB1;HLA-DRA;HLA-DQA2;HLA-DQB1;HLA-DPA1;HLA-DQA1;HLA-DMA;HLA-DRB5,5,KEGG,100
KEGG_2021_Human_fixed.gmt,Inflammatory mediator regulation of TRP channels,1/98,0.537891993446519,0.6735918308876611,1.9491692307692308,1.2086749566490353,IL1B,5,KEGG,100
KEGG_2021_Human_fixed.gmt,Influenza A,16/172,1.3610211999035516e-13,3.130348759778169e-12,17.44499747771986,516.814520778153,ACTB;SLC25A6;HLA-DRB1;HLA-DMB;IL1B;ACTG1;HLA-DRA;BID;HLA-DQA2;HLA-DPB1;PYCARD;HLA-DPA1;HLA-DQB1;HLA-DQA1;HLA-DMA;HLA-DRB5,5,KEGG,100
KEGG_2021_Human_fixed.gmt,Intestinal immune network for IgA production,10/48,2.0528270667169467e-12,2.5423473672417572e-11,40.666949872557346,1094.4209523598652,HLA-DRB1;HLA-DMB;HLA-DPB1;HLA-DRA;HLA-DQA2;HLA-DQB1;HLA-DPA1;HLA-DQA1;HLA-DMA;HLA-DRB5,5,KEGG,100
KEGG_2021_Human_fixed.gmt,Kaposi sarcoma-associated herpesvirus infection,3/193,0.19041388978755944,0.4087551500772943,2.3764560421682828,3.941483547034038,GABARAP;RAC1;BID,5,KEGG,100
KEGG_2021_Human_fixed.gmt,Legionellosis,2/57,0.07268455683782248,0.21072372281173607,5.830586684245221,15.285619629923385,IL1B;PYCARD,5,KEGG,100
KEGG_2021_Human_fixed.gmt,Leishmaniasis,12/77,4.188716207376272e-13,6.743833093875798e-12,29.461572667308975,839.6905259801491,HLA-DRB1;HLA-DMB;IL1B;HLA-DPB1;HLA-DRA;HLA-DQA2;CYBA;HLA-DQB1;HLA-DPA1;HLA-DQA1;HLA-DMA;HLA-DRB5,5,KEGG,100
KEGG_2021_Human_fixed.gmt,Leukocyte transendothelial migration,4/114,0.011829088853621097,0.047612082635824914,5.410814099395414,24.008829822158432,ACTB;ACTG1;RAC1;CYBA,5,KEGG,100
KEGG_2021_Human_fixed.gmt,Lipid and atherosclerosis,5/215,0.02570898333019467,0.08623221492002796,3.4862253080780397,12.762773834272426,IL1B;PYCARD;BID;CYBA;RAC1,5,KEGG,100
KEGG_2021_Human_fixed.gmt,Lysine degradation,1/63,0.3905331463092761,0.5821836718129023,3.054144,2.8716357809882993,ALDH2,5,KEGG,100
KEGG_2021_Human_fixed.gmt,Lysosome,2/128,0.2635631941568462,0.48220084385513906,2.5352678427970052,3.380683616533361,AP1S2;CTSH,5,KEGG,100
KEGG_2021_Human_fixed.gmt,MAPK signaling pathway,2/294,0.6742014556189261,0.7515303737532306,1.0733791953304148,0.42315432708394507,IL1B;RAC1,5,KEGG,100
KEGG_2021_Human_fixed.gmt,Malaria,1/50,0.32475078310657757,0.5228487608015899,3.8625454545454545,4.344194104030507,IL1B,5,KEGG,100
KEGG_2021_Human_fixed.gmt,Measles,2/139,0.29548391819911174,0.5060947960644361,2.3291943828529194,2.839616056888748,IL1B;BID,5,KEGG,100
KEGG_2021_Human_fixed.gmt,Metabolism of xenobiotics by cytochrome P450,1/76,0.4499989063217301,0.6245674475672288,2.524132450331126,2.015545322511684,GSTP1,5,KEGG,100
KEGG_2021_Human_fixed.gmt,MicroRNAs in cancer,1/310,0.9158361084299822,0.9273560594794159,0.5975961227786752,0.0525393670265857,VIM,5,KEGG,100
KEGG_2021_Human_fixed.gmt,Mineral absorption,1/60,0.37593621310828207,0.5730391486206244,3.209344537815126,3.1398166429529146,FTH1,5,KEGG,100
KEGG_2021_Human_fixed.gmt,Mitophagy,2/68,0.09832581872932313,0.2595156854987053,4.859404609083684,11.271236570355947,RAB7A;GABARAP,5,KEGG,100
KEGG_2021_Human_fixed.gmt,NF-kappa B signaling pathway,1/104,0.5593604087900722,0.6735918308876611,1.8347826086956522,1.0659376439484787,IL1B,5,KEGG,100
KEGG_2021_Human_fixed.gmt,NOD-like receptor signaling pathway,4/181,0.05227651439901733,0.1683303763648358,3.339874541365842,9.856664680011981,PYCARD;IL1B;GABARAP;CYBA,5,KEGG,100
KEGG_2021_Human_fixed.gmt,Natural killer cell mediated cytotoxicity,4/131,0.018837050968712056,0.0659296783904922,4.67928818586258,18.585803029666856,FCER1G;RAC1;BID;TYROBP,5,KEGG,100
KEGG_2021_Human_fixed.gmt,Necroptosis,5/159,0.007783735614753464,0.03481059538820299,4.783918347025143,23.229362733189753,SLC25A6;FTH1;IL1B;PYCARD;BID,5,KEGG,100
KEGG_2021_Human_fixed.gmt,Neurotrophin signaling pathway,1/119,0.6088302913721424,0.7051919202224096,1.5994936708860759,0.7936939000231754,RAC1,5,KEGG,100
KEGG_2021_Human_fixed.gmt,Neutrophil extracellular trap formation,5/189,0.015627824912455436,0.05785828459687767,3.990758112709332,16.596374963234386,ACTB;SLC25A6;ACTG1;CYBA;RAC1,5,KEGG,100
KEGG_2021_Human_fixed.gmt,Non-alcoholic fatty liver disease,3/155,0.12005324445616457,0.2994736852491558,2.983037528790137,6.323502407872037,IL1B;RAC1;BID,5,KEGG,100
KEGG_2021_Human_fixed.gmt,Olfactory transduction,1/440,0.9710602466560843,0.9710602466560843,0.4137337883959044,0.012150023609029337,RGS2,5,KEGG,100
KEGG_2021_Human_fixed.gmt,Osteoclast differentiation,5/127,0.0030105479872934173,0.015146819561070007,6.05815454386883,35.17142291563355,IL1B;CYBA;RAC1;SPI1;TYROBP,5,KEGG,100
KEGG_2021_Human_fixed.gmt,Oxidative phosphorylation,1/133,0.6500496419351303,0.7370281151518027,1.427954716981132,0.6150294451388144,PPA1,5,KEGG,100
KEGG_2021_Human_fixed.gmt,Oxytocin signaling pathway,4/154,0.031758705759495555,0.1043500332097711,3.952622909628968,13.634922115227402,ACTB;MYL6;ACTG1;RGS2,5,KEGG,100
KEGG_2021_Human_fixed.gmt,PI3K-Akt signaling pathway,1/354,0.9412399058706841,0.9471226552823758,0.5202263083451202,0.03150346113722843,RAC1,5,KEGG,100
KEGG_2021_Human_fixed.gmt,Pancreatic cancer,1/76,0.4499989063217301,0.6245674475672288,2.524132450331126,2.015545322511684,RAC1,5,KEGG,100
KEGG_2021_Human_fixed.gmt,Pancreatic secretion,1/102,0.5523156544714626,0.6735918308876611,1.871408866995074,1.110934847624876,RAC1,5,KEGG,100
KEGG_2021_Human_fixed.gmt,Pantothenate and CoA biosynthesis,1/21,0.1517881404112854,0.3593807442090728,9.360585365853659,17.647226499393213,ALDH2,5,KEGG,100
KEGG_2021_Human_fixed.gmt,Parkinson disease,2/249,0.5831684885447453,0.6892030397792256,1.275930032027593,0.6880824398267281,TUBA1B;SLC25A6,5,KEGG,100
KEGG_2021_Human_fixed.gmt,Pathogenic Escherichia coli infection,9/197,1.9257727629041633e-05,0.00011924977493368089,7.238337429732558,78.59095903191884,ACTB;GAPDH;IL1B;ACTG1;PYCARD;ARPC3;TUBA1B;ARPC1B;RAC1,5,KEGG,100
KEGG_2021_Human_fixed.gmt,Pathways in cancer,4/531,0.6017714037746866,0.7020666377371344,1.0736628300609343,0.5452893375629927,GSTP1;RAC1;BID;SPI1,5,KEGG,100
KEGG_2021_Human_fixed.gmt,Pathways of neurodegeneration,7/475,0.07525514799431067,0.21256278644007048,2.1384856584278578,5.531986460585136,SLC25A6;GPX1;IL1B;BID;TUBA1B;GABARAP;RAC1,5,KEGG,100
KEGG_2021_Human_fixed.gmt,Pentose phosphate pathway,1/30,0.2096743826762662,0.4167601927268995,6.497491525423729,10.15037807925586,PGLS,5,KEGG,100
KEGG_2021_Human_fixed.gmt,Pertussis,2/76,0.11833577829508576,0.2994736852491558,4.333224204725269,9.24809326708576,IL1B;PYCARD,5,KEGG,100
KEGG_2021_Human_fixed.gmt,Phagosome,16/152,1.908805442418569e-14,5.121961270489827e-13,20.051937536148063,633.4349654627563,ACTB;HLA-DMA;HLA-DRB1;RAB7A;HLA-DMB;ACTG1;HLA-DPB1;HLA-DRA;HLA-DQA2;CYBA;HLA-DQB1;HLA-DPA1;HLA-DQA1;TUBA1B;RAC1;HLA-DRB5,5,KEGG,100
KEGG_2021_Human_fixed.gmt,Phospholipase D signaling pathway,2/148,0.32148337014563627,0.5228163898328024,2.183606648353173,2.47797748686871,FCER1G;FCER1A,5,KEGG,100
KEGG_2021_Human_fixed.gmt,Platelet activation,3/124,0.07219133837306796,0.21072372281173607,3.758902152841547,9.880030759745527,FCER1G;ACTG1;ACTB,5,KEGG,100
KEGG_2021_Human_fixed.gmt,Prion disease,5/273,0.06103106267305206,0.1853962469879506,2.7128396122809533,7.586109601117302,SLC25A6;IL1B;CYBA;TUBA1B;RAC1,5,KEGG,100
KEGG_2021_Human_fixed.gmt,Prostate cancer,1/97,0.5342152058217567,0.6735918308876611,1.969616580310881,1.2348639452081056,GSTP1,5,KEGG,100
KEGG_2021_Human_fixed.gmt,Proteoglycans in cancer,3/205,0.2145321575428276,0.41781399356642174,2.2322007958371595,3.436016937538414,ACTB;ACTG1;RAC1,5,KEGG,100
KEGG_2021_Human_fixed.gmt,Pyrimidine metabolism,1/56,0.35593727402190567,0.5618225599757531,3.4423783783783786,3.555979481837419,TYMP,5,KEGG,100
KEGG_2021_Human_fixed.gmt,Pyruvate metabolism,1/47,0.3086049376958583,0.5175561975940957,4.113290322580645,4.8359680330983785,ALDH2,5,KEGG,100
KEGG_2021_Human_fixed.gmt,RNA transport,1/186,0.7708310701191394,0.8111359626743886,1.01311051212938,0.2636985175398206,EIF4A1,5,KEGG,100
KEGG_2021_Human_fixed.gmt,Rap1 signaling pathway,3/210,0.22477712086856003,0.4308228149980734,2.177018819077965,3.249518305165857,ACTB;ACTG1;RAC1,5,KEGG,100
KEGG_2021_Human_fixed.gmt,Ras signaling pathway,1/232,0.8416640269032809,0.8686404380219758,0.8070323974082073,0.1391116948572615,RAC1,5,KEGG,100
KEGG_2021_Human_fixed.gmt,Regulation of actin cytoskeleton,6/218,0.006803832420488971,0.031297629134249265,4.151222506393862,20.71571795843087,ACTB;ACTG1;ARPC3;ARPC1B;RAC1;GSN,5,KEGG,100
KEGG_2021_Human_fixed.gmt,Renal cell carcinoma,1/69,0.4187262416512188,0.6128629536895112,2.7845255474452553,2.424035116707823,RAC1,5,KEGG,100
KEGG_2021_Human_fixed.gmt,Rheumatoid arthritis,11/93,9.696225889200475e-11,1.040728245440851e-09,21.064415584415585,485.6758959911265,HLA-DRB1;HLA-DMB;IL1B;HLA-DPB1;HLA-DRA;HLA-DQA2;HLA-DQB1;HLA-DPA1;HLA-DQA1;HLA-DMA;HLA-DRB5,5,KEGG,100
KEGG_2021_Human_fixed.gmt,Ribosome,1/158,0.713292983176206,0.7707393979286522,1.1974857142857143,0.40458614806823673,RPS11,5,KEGG,100
KEGG_2021_Human_fixed.gmt,Salivary secretion,2/93,0.16368319841170773,0.3660138186706242,3.520591763294682,6.371645962373708,LYZ;CST3,5,KEGG,100
KEGG_2021_Human_fixed.gmt,Salmonella infection,12/249,3.7286570614659664e-07,2.5013074454000857e-06,7.949412365866122,117.66757958983894,ACTB;S100A10;ANXA2;GAPDH;RAB7A;IL1B;ACTG1;PYCARD;ARPC3;TUBA1B;ARPC1B;RAC1,5,KEGG,100
KEGG_2021_Human_fixed.gmt,Shigellosis,8/246,0.0006005668777137126,0.0032230422437302575,4.9943339565981075,37.04615411234154,ACTB;ACTG1;IL1B;PYCARD;ARPC3;ARPC1B;GABARAP;RAC1,5,KEGG,100
KEGG_2021_Human_fixed.gmt,Signaling pathways regulating pluripotency of stem cells,2/143,0.30705989146552065,0.5175561975940957,2.2622023040018386,2.6710104569105715,KLF4;ID2,5,KEGG,100
KEGG_2021_Human_fixed.gmt,Sphingolipid signaling pathway,4/119,0.013677477203003524,0.05243032927818018,5.173305685910728,22.203852829481548,FCER1G;FCER1A;RAC1;BID,5,KEGG,100
KEGG_2021_Human_fixed.gmt,Spinocerebellar ataxia,1/143,0.6768441254299282,0.7515303737532306,1.3260631578947368,0.5175813809625461,SLC25A6,5,KEGG,100
KEGG_2021_Human_fixed.gmt,Staphylococcus aureus infection,10/95,2.3907435098367593e-09,2.1383872504651014e-08,18.204131824889327,361.3822615674632,HLA-DRB1;HLA-DMB;HLA-DPB1;HLA-DRA;HLA-DQA2;HLA-DQB1;HLA-DPA1;HLA-DQA1;HLA-DMA;HLA-DRB5,5,KEGG,100
KEGG_2021_Human_fixed.gmt,Synaptic vesicle cycle,1/78,0.4586257037889295,0.6311003274360483,2.458374193548387,1.916353969846326,AP2S1,5,KEGG,100
KEGG_2021_Human_fixed.gmt,Systemic lupus erythematosus,10/135,7.321011783944343e-08,5.612775701023997e-07,12.339464571620061,202.73656634143612,HLA-DRB1;HLA-DMB;HLA-DPB1;HLA-DRA;HLA-DQA2;HLA-DQB1;HLA-DPA1;HLA-DQA1;HLA-DMA;HLA-DRB5,5,KEGG,100
KEGG_2021_Human_fixed.gmt,TGF-beta signaling pathway,1/94,0.5230112350005451,0.6735918308876611,2.033582887700535,1.3180714936451126,ID2,5,KEGG,100
KEGG_2021_Human_fixed.gmt,TNF signaling pathway,1/112,0.5864646984456765,0.6892030397792256,1.7014170403587443,0.9079489583249198,IL1B,5,KEGG,100
KEGG_2021_Human_fixed.gmt,Th1 and Th2 cell differentiation,10/92,1.7370763309519734e-09,1.645113466372163e-08,18.8732370433305,380.69324221414035,HLA-DRB1;HLA-DMB;HLA-DPB1;HLA-DRA;HLA-DQA2;HLA-DQB1;HLA-DPA1;HLA-DQA1;HLA-DMA;HLA-DRB5,5,KEGG,100
KEGG_2021_Human_fixed.gmt,Th17 cell differentiation,11/107,4.533402851229849e-10,4.561736619050036e-09,17.976659264742167,386.75664423750993,HLA-DRB1;HLA-DMB;IL1B;HLA-DPB1;HLA-DRA;HLA-DQA2;HLA-DQB1;HLA-DPA1;HLA-DQA1;HLA-DMA;HLA-DRB5,5,KEGG,100
KEGG_2021_Human_fixed.gmt,Thermogenesis,2/232,0.5443569119518867,0.6735918308876611,1.373031409272878,0.8350092700138115,ACTB;ACTG1,5,KEGG,100
KEGG_2021_Human_fixed.gmt,Thyroid hormone signaling pathway,2/121,0.24326178848216112,0.46076644641915226,2.6861584515426746,3.7971995114827175,ACTB;ACTG1,5,KEGG,100
KEGG_2021_Human_fixed.gmt,Thyroid hormone synthesis,1/75,0.44563491779506365,0.6245674475672288,2.5583355704697985,2.0677881104011515,GPX1,5,KEGG,100
KEGG_2021_Human_fixed.gmt,Tight junction,9/169,5.569965718125548e-06,3.587057922472853e-05,8.531509903112406,103.21524474093269,ACTB;MYL6;CD1C;ACTG1;CD1D;ARPC3;TUBA1B;ARPC1B;RAC1,5,KEGG,100
KEGG_2021_Human_fixed.gmt,Toll-like receptor signaling pathway,2/104,0.19446270889024417,0.41195389646485936,3.1384096767796947,5.139192489953092,IL1B;RAC1,5,KEGG,100
KEGG_2021_Human_fixed.gmt,Toxoplasmosis,10/112,1.2086326999436941e-08,9.729493234546738e-08,15.1523592432186,276.2455558171121,HLA-DRB1;HLA-DMB;HLA-DPB1;HLA-DRA;HLA-DQA2;HLA-DQB1;HLA-DPA1;HLA-DQA1;HLA-DMA;HLA-DRB5,5,KEGG,100
KEGG_2021_Human_fixed.gmt,Transcriptional misregulation in cancer,2/192,0.44393586799329904,0.6245674475672288,1.6698674860764355,1.3560579200265275,SPI1;ID2,5,KEGG,100
KEGG_2021_Human_fixed.gmt,Tryptophan metabolism,1/42,0.2808468857089821,0.49688295163896834,4.611759036144578,5.856683321591721,ALDH2,5,KEGG,100
KEGG_2021_Human_fixed.gmt,Tuberculosis,16/180,2.7839881279797235e-13,4.980245428941506e-12,16.57971524556071,479.31495412563635,FCER1G;HLA-DRB1;LSP1;RAB7A;HLA-DMB;IL1B;HLA-DPB1;HLA-DRA;BID;HLA-DQA2;HLA-DQB1;HLA-DPA1;HLA-DQA1;HLA-DMA;HLA-DRB5;CD74,5,KEGG,100
KEGG_2021_Human_fixed.gmt,Type I diabetes mellitus,11/43,1.2318831167458988e-14,4.92797482821747e-13,53.80820512820513,1723.3502164496745,HLA-DRB1;HLA-DMB;IL1B;HLA-DPB1;HLA-DRA;HLA-DQA2;HLA-DQB1;HLA-DPA1;HLA-DQA1;HLA-DMA;HLA-DRB5,5,KEGG,100
KEGG_2021_Human_fixed.gmt,VEGF signaling pathway,1/59,0.37099453153787265,0.5730391486206244,3.2646153846153845,3.2370880049418886,RAC1,5,KEGG,100
KEGG_2021_Human_fixed.gmt,"Valine, leucine and isoleucine degradation",1/48,0.31402865689958903,0.5212228222766374,4.0261894736842105,4.6634186416509165,ALDH2,5,KEGG,100
KEGG_2021_Human_fixed.gmt,Vascular smooth muscle contraction,1/133,0.6500496419351303,0.7370281151518027,1.427954716981132,0.6150294451388144,MYL6,5,KEGG,100
KEGG_2021_Human_fixed.gmt,Vibrio cholerae infection,2/50,0.05773659364960033,0.17876137649203178,6.677981728270891,19.044696358828624,ACTB;ACTG1,5,KEGG,100
KEGG_2021_Human_fixed.gmt,Viral carcinogenesis,2/203,0.47275354666106995,0.6396077396002712,1.5764893380943734,1.1810759680222678,RAC1;GSN,5,KEGG,100
KEGG_2021_Human_fixed.gmt,Viral myocarditis,14/60,8.732056814322622e-18,7.029305735529711e-16,50.204301075268816,1972.001386802751,ACTB;HLA-DRB1;HLA-DMB;ACTG1;HLA-DPB1;BID;HLA-DRA;HLA-DQA2;HLA-DQB1;HLA-DPA1;HLA-DQA1;HLA-DMA;RAC1;HLA-DRB5,5,KEGG,100
KEGG_2021_Human_fixed.gmt,Wnt signaling pathway,1/166,0.7310456484473302,0.7794592675498024,1.138441087613293,0.3566501119529137,RAC1,5,KEGG,100
KEGG_2021_Human_fixed.gmt,Yersinia infection,7/137,8.677001130405621e-05,0.0004989275649983232,8.021055843759536,75.01491540707943,ACTB;ACTG1;IL1B;PYCARD;ARPC3;ARPC1B;RAC1,5,KEGG,100
KEGG_2021_Human_fixed.gmt,beta-Alanine metabolism,1/30,0.2096743826762662,0.4167601927268995,6.497491525423729,10.15037807925586,ALDH2,5,KEGG,100
KEGG_2021_Human_fixed.gmt,cAMP signaling pathway,1/216,0.8198894636893587,0.8516271203483016,0.8687331786542923,0.1725180282597202,RAC1,5,KEGG,100
KEGG_2021_Human_fixed.gmt,cGMP-PKG signaling pathway,2/167,0.3755445604117105,0.5730391486206244,1.9282538746837619,1.8884897034169688,SLC25A6;RGS2,5,KEGG,100
KEGG_2021_Human_fixed.gmt,mTOR signaling pathway,1/154,0.7039891428345149,0.7707393979286522,1.229315960912052,0.4314804919317025,LAMTOR1,5,KEGG,100
KEGG_2021_Human_fixed.gmt,p53 signaling pathway,1/73,0.4368044624634202,0.6245674475672288,2.6295724137931034,2.177994992164459,BID,5,KEGG,100
Reactome_2022_fixed.gmt,Activation Of BAD And Translocation To Mitochondria R-HSA-111447,1/15,0.10081942780394594,0.3360647593464865,14.63969035890218,33.58965992438192,BID,5,REACTOME,100
Reactome_2022_fixed.gmt,Activation Of BH3-only Proteins R-HSA-114452,1/30,0.19159786140424548,0.4135208707551463,7.185402974749222,11.872847851369952,BID,5,REACTOME,100
Reactome_2022_fixed.gmt,Adaptive Immune System R-HSA-1280218,21/733,1.790049689759007e-08,6.165726709169913e-07,5.473034923757993,97.63039068305574,HLA-DMB;HLA-DPA1;HLA-DQB2;HLA-DQA1;HLA-DMA;CD33;RNF130;HLA-DRB1;RAB7A;HLA-DRA;CD74;AP2S1;AP1S2;HLA-DQA2;CYBA;HLA-DRB5;TYROBP;CD1C;CD1D;CTSH;IFI30,5,REACTOME,100
Reactome_2022_fixed.gmt,Amino Acids Regulate mTORC1 R-HSA-9639288,1/55,0.3232208097357593,0.5112165868269662,3.8799850215315486,4.382131006279768,LAMTOR1,5,REACTOME,100
Reactome_2022_fixed.gmt,Amyloid Fiber Formation R-HSA-977225,4/79,0.0023005298356533837,0.03241655677511586,8.742144568127378,53.10516968770857,LYZ;TGFBI;CST3;GSN,5,REACTOME,100
Reactome_2022_fixed.gmt,Antigen Processing: Ubiquitination And Proteasome Degradation R-HSA-983168,1/307,0.8898616611557741,0.9351088642653897,0.6731364650264674,0.07854779951095921,RNF130,5,REACTOME,100
Reactome_2022_fixed.gmt,Antigen processing-Cross Presentation R-HSA-1236975,1/104,0.5228735419051125,0.6509670602031521,2.033422064477965,1.3185026649252098,CYBA,5,REACTOME,100
Reactome_2022_fixed.gmt,Antimicrobial Peptides R-HSA-6803157,2/89,0.13017937249314873,0.36198019389617164,4.070344827586207,8.298789952947153,LYZ;RNASE6,5,REACTOME,100
Reactome_2022_fixed.gmt,Antiviral Mechanism By IFN-stimulated Genes R-HSA-1169410,1/83,0.44564973379480183,0.6279609885290389,2.5562152133580707,2.065989335736942,EIF4A1,5,REACTOME,100
Reactome_2022_fixed.gmt,Apoptosis R-HSA-109581,3/178,0.13077994102055232,0.36198019389617164,2.856314625545395,5.810427201186348,BID;VIM;GSN,5,REACTOME,100
Reactome_2022_fixed.gmt,Apoptotic Cleavage Of Cellular Proteins R-HSA-111465,2/38,0.0293090128147069,0.2271448493139785,9.805857345299954,34.61330562557474,VIM;GSN,5,REACTOME,100
Reactome_2022_fixed.gmt,Apoptotic Execution Phase R-HSA-75153,2/52,0.05191726390373361,0.2791014105145411,7.07784226698532,20.936992858039222,VIM;GSN,5,REACTOME,100
Reactome_2022_fixed.gmt,Arachidonic Acid Metabolism R-HSA-2142753,1/59,0.3422196367666297,0.5278014298390806,3.6132914704343277,3.8745416044594836,GPX1,5,REACTOME,100
Reactome_2022_fixed.gmt,Asparagine N-linked Glycosylation R-HSA-446203,2/282,0.5957570028443289,0.7076041029951798,1.2459893048128343,0.6453257815929362,ARF3;ARF5,5,REACTOME,100
Reactome_2022_fixed.gmt,Autophagy R-HSA-9612973,2/128,0.2282628851441983,0.4367993481154412,2.804824860297124,4.143448025925228,GABARAP;LAMTOR1,5,REACTOME,100
Reactome_2022_fixed.gmt,Axon Guidance R-HSA-422475,7/519,0.07264536499612824,0.29414371065736555,2.14710027100271,5.630052663808101,MYL6;AP2S1;ACTG1;RPS11;ARPC3;ARPC1B;TYROBP,5,REACTOME,100
Reactome_2022_fixed.gmt,BH3-only Proteins Associate With And Inactivate Anti-Apoptotic BCL-2 Members R-HSA-111453,1/9,0.06175533550998405,0.2791014105145411,24.987995198079233,69.58094428453482,BID,5,REACTOME,100
Reactome_2022_fixed.gmt,Beta-catenin Independent WNT Signaling R-HSA-3858494,1/142,0.6365833125875784,0.7418828079028169,1.4818634167447897,0.6692687606679213,AP2S1,5,REACTOME,100
Reactome_2022_fixed.gmt,Binding And Uptake Of Ligands By Scavenger Receptors R-HSA-2173782,1/41,0.2523628283084181,0.4522108484139284,5.2282690854119425,7.198737995376477,FTH1,5,REACTOME,100
Reactome_2022_fixed.gmt,Biological Oxidations R-HSA-211859,2/218,0.4572865726177984,0.6288750034301567,1.6245122242573864,1.2710914852672117,GSTP1;ALDH2,5,REACTOME,100
Reactome_2022_fixed.gmt,C-type Lectin Receptors (CLRs) R-HSA-5621481,4/141,0.017431465965576272,0.15180148649860484,4.7714506769825915,19.321886057562033,FCER1G;PYCARD;CLEC10A;IL1B,5,REACTOME,100
Reactome_2022_fixed.gmt,CDC42 GTPase Cycle R-HSA-9013148,2/149,0.28324343621137327,0.4803892069047539,2.4005844535359437,3.0282137839971797,RAB7A;LAMTOR1,5,REACTOME,100
Reactome_2022_fixed.gmt,CLEC7A (Dectin-1) Signaling R-HSA-5607764,2/99,0.1543774153627163,0.3879363365309665,3.6493368700265254,6.818256516462981,IL1B;PYCARD,5,REACTOME,100
Reactome_2022_fixed.gmt,CLEC7A/inflammasome Pathway R-HSA-5660668,2/6,0.0007231953590564809,0.013187680076912298,79.7816091954023,576.9671278641715,IL1B;PYCARD,5,REACTOME,100
Reactome_2022_fixed.gmt,COPI-dependent Golgi-to-ER Retrograde Traffic R-HSA-6811434,2/78,0.10476735369140217,0.341872417308786,4.6605814739688975,10.514332701377086,ARF3;ARF5,5,REACTOME,100
Reactome_2022_fixed.gmt,COPI-mediated Anterograde Transport R-HSA-6807878,2/80,0.10927851203442644,0.34489254408019576,4.540962003074895,10.053033702781224,ARF3;ARF5,5,REACTOME,100
Reactome_2022_fixed.gmt,Cap-dependent Translation Initiation R-HSA-72737,2/116,0.19721014460681066,0.41611174642530774,3.1023942177382926,5.036691701712123,EIF4A1;RPS11,5,REACTOME,100
Reactome_2022_fixed.gmt,Carboxyterminal Post-Translational Modifications Of Tubulin R-HSA-8955332,1/41,0.2523628283084181,0.4522108484139284,5.2282690854119425,7.198737995376477,TUBA1B,5,REACTOME,100
Reactome_2022_fixed.gmt,Cargo Recognition For Clathrin-Mediated Endocytosis R-HSA-8856825,1/104,0.5228735419051125,0.6509670602031521,2.033422064477965,1.3185026649252098,AP2S1,5,REACTOME,100
Reactome_2022_fixed.gmt,Caspase-mediated Cleavage Of Cytoskeletal Proteins R-HSA-264870,2/12,0.003095946554284193,0.04172797529687391,34.172413793103445,197.43664248123025,VIM;GSN,5,REACTOME,100
Reactome_2022_fixed.gmt,Cell Cycle R-HSA-1640170,1/654,0.991614907114944,0.9935656242550247,0.3048732882594507,0.002567168919973583,TUBA1B,5,REACTOME,100
Reactome_2022_fixed.gmt,"Cell Cycle, Mitotic R-HSA-69278",1/523,0.9775959860087198,0.9935656242550247,0.3864271067278586,0.008755973188164609,TUBA1B,5,REACTOME,100
Reactome_2022_fixed.gmt,Cell Recruitment (Pro-Inflammatory Response) R-HSA-9664424,2/25,0.013264210019402645,0.12460318503075213,15.2494497432135,65.91858057836232,IL1B;PYCARD,5,REACTOME,100
Reactome_2022_fixed.gmt,Cell Surface Interactions At Vascular Wall R-HSA-202733,2/134,0.24392993564962984,0.4448134120669721,2.676252439817827,3.775855637516246,FCER1G;CD74,5,REACTOME,100
Reactome_2022_fixed.gmt,Cell-Cell Communication R-HSA-1500931,1/120,0.5744936708060673,0.6929690192602368,1.7584322431901631,0.9746395549773894,TYROBP,5,REACTOME,100
Reactome_2022_fixed.gmt,Cellular Response To Chemical Stress R-HSA-9711123,3/182,0.1371821295146061,0.36953642943495263,2.791573329177786,5.545309180809171,GSTP1;CYBA;GPX1,5,REACTOME,100
Reactome_2022_fixed.gmt,Cellular Response To Starvation R-HSA-9711097,2/153,0.29371956069776817,0.48953260116294695,2.3362922499146466,2.8622613551195246,RPS11;LAMTOR1,5,REACTOME,100
Reactome_2022_fixed.gmt,Cellular Responses To Stimuli R-HSA-8953897,5/736,0.6006335258778659,0.7106732558096887,1.0477092010602045,0.5340910382930312,GPX1;CYBA;GSTP1;RPS11;LAMTOR1,5,REACTOME,100
Reactome_2022_fixed.gmt,Cellular Responses To Stress R-HSA-2262752,5/722,0.5831789025545457,0.6980133582699196,1.0696964379715739,0.5768458642119614,GPX1;CYBA;GSTP1;RPS11;LAMTOR1,5,REACTOME,100
Reactome_2022_fixed.gmt,Chaperonin-mediated Protein Folding R-HSA-390466,1/90,0.472670567094279,0.6288750034301567,2.3546915973093148,1.7645037097285892,TUBA1B,5,REACTOME,100
Reactome_2022_fixed.gmt,Class I MHC Mediated Antigen Processing And Presentation R-HSA-983169,2/378,0.7519772053436125,0.840343229878468,0.9194944360489078,0.26210121549805143,CYBA;RNF130,5,REACTOME,100
Reactome_2022_fixed.gmt,Clathrin-mediated Endocytosis R-HSA-8856828,2/142,0.264889468775068,0.46132435573186004,2.5219045281629646,3.350205506617879,AP2S1;ARPC3,5,REACTOME,100
Reactome_2022_fixed.gmt,Cooperation Of Prefoldin And TriC/CCT In Actin And Tubulin Folding R-HSA-389958,1/33,0.20863729424309796,0.4311837414357358,6.520251177394035,10.218263591696028,TUBA1B,5,REACTOME,100
Reactome_2022_fixed.gmt,Costimulation By CD28 Family R-HSA-388841,7/68,4.48025008854957e-07,1.2626159340457879e-05,18.70731707317073,273.471357862712,HLA-DRB1;HLA-DRA;HLA-DQA2;HLA-DPA1;HLA-DQB2;HLA-DQA1;HLA-DRB5,5,REACTOME,100
Reactome_2022_fixed.gmt,Cross-presentation Of Particulate Exogenous Antigens (Phagosomes) R-HSA-1236973,1/8,0.05508385427886449,0.2791014105145411,28.322448979591837,82.10390858924342,CYBA,5,REACTOME,100
Reactome_2022_fixed.gmt,Cytokine Signaling In Immune System R-HSA-1280215,15/702,9.289259240155475e-05,0.0019197802429654649,3.6862765469824295,34.22363716231827,EIF4A1;ANXA2;SAMHD1;HLA-DRB1;IL1B;HLA-DRA;HLA-DQA2;IFI30;HLA-DPA1;HLA-DQB2;HLA-DQA1;CEBPD;VIM;HLA-DRB5;LGALS9,5,REACTOME,100
Reactome_2022_fixed.gmt,Cytosolic tRNA Aminoacylation R-HSA-379716,1/24,0.15642594214958325,0.3879363365309665,9.025184541901867,16.74327501887001,PPA1,5,REACTOME,100
Reactome_2022_fixed.gmt,DAP12 Interactions R-HSA-2172127,1/43,0.26291639918444537,0.4604750494190851,4.981272509003602,6.6545774415520125,TYROBP,5,REACTOME,100
Reactome_2022_fixed.gmt,DAP12 Signaling R-HSA-2424491,1/28,0.18003768956005906,0.4073845530191117,7.709461966604824,13.218559173914311,TYROBP,5,REACTOME,100
Reactome_2022_fixed.gmt,Deadenylation Of mRNA R-HSA-429947,1/25,0.16239101432167402,0.3983014231481253,8.65597667638484,15.734385878332121,EIF4A1,5,REACTOME,100
Reactome_2022_fixed.gmt,Deadenylation-dependent mRNA Decay R-HSA-429914,1/56,0.3280206621489807,0.5161746460212386,3.809707666850524,4.246599906510138,EIF4A1,5,REACTOME,100
Reactome_2022_fixed.gmt,Dectin-2 Family R-HSA-5621480,2/29,0.017628559722418627,0.15180148649860484,13.026332288401253,52.60339071608067,FCER1G;CLEC10A,5,REACTOME,100
Reactome_2022_fixed.gmt,Defective B3GALTL Causes PpS R-HSA-5083635,1/37,0.2308065050750051,0.43895715689111403,5.8034665921162985,8.50890087973793,CFP,5,REACTOME,100
Reactome_2022_fixed.gmt,Detoxification Of Reactive Oxygen Species R-HSA-3299685,3/34,0.0017239920051916524,0.0281282906110217,16.13752913752914,102.6849173134778,GSTP1;CYBA;GPX1,5,REACTOME,100
Reactome_2022_fixed.gmt,Developmental Biology R-HSA-1266738,10/1073,0.22173632260103016,0.4323161006686751,1.4315937940761636,2.1563615432222734,MYL6;AP2S1;ACTG1;RPS11;ARPC3;CEBPD;KLF4;ARPC1B;SPI1;TYROBP,5,REACTOME,100
Reactome_2022_fixed.gmt,Disease R-HSA-1643685,13/1736,0.454720091326426,0.6288750034301567,1.1071132904540533,0.8724863503626948,SLC25A6;AP2S1;RAB7A;IL1B;ACTG1;AP1S2;PYCARD;CYBA;RPS11;ARPC3;CEBPD;ARPC1B;CFP,5,REACTOME,100
Reactome_2022_fixed.gmt,Diseases Associated With O-glycosylation Of Proteins R-HSA-3906995,1/69,0.38744535088001353,0.5692325060322474,3.082824370624162,2.923073861040315,CFP,5,REACTOME,100
Reactome_2022_fixed.gmt,Diseases Of Glycosylation R-HSA-3781865,1/143,0.6391824074816073,0.7421218963269597,1.4713211600429645,0.6585124547378114,CFP,5,REACTOME,100
Reactome_2022_fixed.gmt,Diseases Of Metabolism R-HSA-5668914,1/247,0.8296112513723315,0.8960957767436334,0.8419505733327813,0.1572747335059925,CFP,5,REACTOME,100
Reactome_2022_fixed.gmt,Dissolution Of Fibrin Clot R-HSA-75205,2/13,0.0036421838814625616,0.043426038586669,31.197901049475263,175.1815744981687,ANXA2;S100A10,5,REACTOME,100
Reactome_2022_fixed.gmt,Downstream TCR Signaling R-HSA-202424,7/94,4.088978017310601e-06,9.750639887432972e-05,13.115555555555556,162.72752408361828,HLA-DRB1;HLA-DRA;HLA-DQA2;HLA-DPA1;HLA-DQB2;HLA-DQA1;HLA-DRB5,5,REACTOME,100
Reactome_2022_fixed.gmt,Drug ADME R-HSA-9748784,1/95,0.4911714998554669,0.6397611972907342,2.2290249433106575,1.584751865236527,GSTP1,5,REACTOME,100
Reactome_2022_fixed.gmt,EPH-Ephrin Signaling R-HSA-2682334,5/91,0.00044238006431114574,0.008571113746028449,9.450201688360295,72.98713177736246,MYL6;AP2S1;ACTG1;ARPC3;ARPC1B,5,REACTOME,100
Reactome_2022_fixed.gmt,EPH-ephrin Mediated Repulsion Of Cells R-HSA-3928665,1/49,0.293703234364229,0.48953260116294695,4.362507889753839,5.34488109764112,AP2S1,5,REACTOME,100
Reactome_2022_fixed.gmt,EPHA-mediated Growth Cone Collapse R-HSA-3928663,1/15,0.10081942780394594,0.3360647593464865,14.63969035890218,33.58965992438192,MYL6,5,REACTOME,100
Reactome_2022_fixed.gmt,EPHB-mediated Forward Signaling R-HSA-3928662,3/34,0.0017239920051916524,0.0281282906110217,16.13752913752914,102.6849173134778,ARPC1B;ACTG1;ARPC3,5,REACTOME,100
Reactome_2022_fixed.gmt,ER To Golgi Anterograde Transport R-HSA-199977,2/133,0.24131452396173214,0.44328206416462307,2.6968663956994887,3.834011216298011,ARF3;ARF5,5,REACTOME,100
Reactome_2022_fixed.gmt,Energy Dependent Regulation Of mTOR By LKB1-AMPK R-HSA-380972,1/29,0.18583801562568908,0.4135208707551463,7.438238453276047,12.517661749684532,LAMTOR1,5,REACTOME,100
Reactome_2022_fixed.gmt,Ethanol Oxidation R-HSA-71384,1/11,0.07495920368365122,0.29414371065736555,20.224489795918366,52.39783597850002,ALDH2,5,REACTOME,100
Reactome_2022_fixed.gmt,Eukaryotic Translation Elongation R-HSA-156842,1/90,0.472670567094279,0.6288750034301567,2.3546915973093148,1.7645037097285892,RPS11,5,REACTOME,100
Reactome_2022_fixed.gmt,Eukaryotic Translation Termination R-HSA-72764,1/90,0.472670567094279,0.6288750034301567,2.3546915973093148,1.7645037097285892,RPS11,5,REACTOME,100
Reactome_2022_fixed.gmt,FCGR3A-mediated Phagocytosis R-HSA-9664422,3/60,0.008650202024531973,0.08938542092016372,8.818425053207662,41.88904108824351,ARPC1B;ACTG1;ARPC3,5,REACTOME,100
Reactome_2022_fixed.gmt,FOXO-mediated Transcription Of Cell Cycle Genes R-HSA-9617828,1/17,0.11348077256832248,0.34489254408019576,12.862708719851577,27.99082163817475,KLF4,5,REACTOME,100
Reactome_2022_fixed.gmt,FOXO-mediated Transcription R-HSA-9614085,1/65,0.3697355090265978,0.5458000371345015,3.2752728998576175,3.258789661345856,KLF4,5,REACTOME,100
Reactome_2022_fixed.gmt,Fatty Acid Metabolism R-HSA-8978868,1/173,0.7091748194037201,0.8082507132910045,1.2118899733806565,0.416469880788334,GPX1,5,REACTOME,100
Reactome_2022_fixed.gmt,Fc Epsilon Receptor (FCERI) Signaling R-HSA-2454202,2/130,0.23347784325350215,0.44119420967290784,2.76063330202603,4.015805189439121,FCER1G;FCER1A,5,REACTOME,100
Reactome_2022_fixed.gmt,Fcgamma Receptor (FCGR) Dependent Phagocytosis R-HSA-2029480,4/87,0.00326695132637904,0.042131476201946,7.8984584023442475,45.2099706080236,ARPC1B;ACTG1;PLD4;ARPC3,5,REACTOME,100
Reactome_2022_fixed.gmt,Formation Of A Pool Of Free 40S Subunits R-HSA-72689,1/98,0.5019631424946994,0.6403645027710158,2.159811616954474,1.4886039009725727,RPS11,5,REACTOME,100
Reactome_2022_fixed.gmt,"Formation Of Ternary Complex, And Subsequently, 43S Complex R-HSA-72695",1/50,0.29870955243482716,0.495186958581799,4.273964131106988,5.164160656515504,RPS11,5,REACTOME,100
Reactome_2022_fixed.gmt,Formation Of Tubulin Folding Intermediates By CCT/TriC R-HSA-389960,1/26,0.1683144723625949,0.3983014231481253,8.315726290516206,14.81796888750353,TUBA1B,5,REACTOME,100
Reactome_2022_fixed.gmt,G Alpha (I) Signaling Events R-HSA-418594,1/312,0.8938069483622495,0.9360816013253289,0.6620041274936941,0.07432020355947049,RGS1,5,REACTOME,100
Reactome_2022_fixed.gmt,G Alpha (Q) Signaling Events R-HSA-416476,1/212,0.7804820018864194,0.8549449490628621,0.9846576928643798,0.24404110639755738,RGS1,5,REACTOME,100
Reactome_2022_fixed.gmt,GPCR Downstream Signaling R-HSA-388396,1/619,0.9890831012533572,0.9935656242550247,0.323280484384538,0.003548625745862138,RGS1,5,REACTOME,100
Reactome_2022_fixed.gmt,GPVI-mediated Activation Cascade R-HSA-114604,1/32,0.2029972248772103,0.4251968899455081,6.727891156462585,10.72804610825118,FCER1G,5,REACTOME,100
Reactome_2022_fixed.gmt,GTP Hydrolysis And Joining Of 60S Ribosomal Subunit R-HSA-72706,2/109,0.1793655833685598,0.4073845530191117,3.3066559743384123,5.681923484461266,EIF4A1;RPS11,5,REACTOME,100
Reactome_2022_fixed.gmt,Gene And Protein Expression By JAK-STAT Signaling After Interleukin-12 Stimulation R-HSA-8950505,1/35,0.21979957339359957,0.43125232754440423,6.141082519964508,9.303980612456591,ANXA2,5,REACTOME,100
Reactome_2022_fixed.gmt,Gene Expression (Transcription) R-HSA-74160,5/1449,0.981806521735323,0.9935656242550247,0.4915021254024817,0.009024477773697536,BID;PRELID1;KLF4;SPI1;LAMTOR1,5,REACTOME,100
Reactome_2022_fixed.gmt,Generation Of Second Messenger Molecules R-HSA-202433,7/32,1.903431370006201e-09,7.375796558774029e-08,45.27450980392157,909.0943909363335,HLA-DRB1;HLA-DRA;HLA-DQA2;HLA-DPA1;HLA-DQB2;HLA-DQA1;HLA-DRB5,5,REACTOME,100
Reactome_2022_fixed.gmt,Generic Transcription Pathway R-HSA-212436,5/1190,0.9333449976280465,0.9634257789427134,0.6161714238899897,0.04250373533361873,BID;PRELID1;KLF4;SPI1;LAMTOR1,5,REACTOME,100
Reactome_2022_fixed.gmt,"Glutamate Binding, Activation Of AMPA Receptors And Synaptic Plasticity R-HSA-399721",1/31,0.1973175055629685,0.41611174642530774,6.949146871863499,11.27805637598405,AP2S1,5,REACTOME,100
Reactome_2022_fixed.gmt,Glutathione Conjugation R-HSA-156590,1/36,0.22532232368715943,0.4338504369131641,5.967519402127048,8.892936767621755,GSTP1,5,REACTOME,100
Reactome_2022_fixed.gmt,Glycerophospholipid Biosynthesis R-HSA-1483206,1/127,0.5953066809647867,0.7076041029951798,1.6599983867064612,0.8610055994324964,PLD4,5,REACTOME,100
Reactome_2022_fixed.gmt,Golgi Associated Vesicle Biogenesis R-HSA-432722,2/55,0.05736893208153088,0.2791014105145411,6.679020302932646,19.090325644344386,AP1S2;FTH1,5,REACTOME,100
Reactome_2022_fixed.gmt,Golgi-to-ER Retrograde Transport R-HSA-8856688,2/112,0.18698297311171844,0.4135208707551463,3.215946325479794,5.392298506699044,ARF3;ARF5,5,REACTOME,100
Reactome_2022_fixed.gmt,HCMV Infection R-HSA-9609646,1/121,0.5775303636752299,0.6939318323229506,1.74367008214074,0.9572648667354383,CEBPD,5,REACTOME,100
Reactome_2022_fixed.gmt,HCMV Late Events R-HSA-9610379,1/91,0.47642307964693087,0.63115878072884,2.3284474010598712,1.7264249894593506,CEBPD,5,REACTOME,100
Reactome_2022_fixed.gmt,HIV Infection R-HSA-162906,3/229,0.21918259925786773,0.43125232754440423,2.2021488445329505,3.342531865926024,SLC25A6;AP2S1;AP1S2,5,REACTOME,100
Reactome_2022_fixed.gmt,Hemostasis R-HSA-109582,7/576,0.11072869367829112,0.34489254408019576,1.921080870159009,4.227669400735068,FCER1G;S100A10;TAGLN2;ANXA2;ANXA5;SRGN;CD74,5,REACTOME,100
Reactome_2022_fixed.gmt,Host Interactions Of HIV Factors R-HSA-162909,3/130,0.06392322627913684,0.2791014105145411,3.9500617030028793,10.862956082853907,SLC25A6;AP2S1;AP1S2,5,REACTOME,100
Reactome_2022_fixed.gmt,ISG15 Antiviral Mechanism R-HSA-1169408,1/75,0.41309352910501823,0.5928657130673872,2.832899602794138,2.50451341894826,EIF4A1,5,REACTOME,100
Reactome_2022_fixed.gmt,Immune System R-HSA-168256,50/1943,2.316767264667948e-20,7.18197852047064e-18,9.277415217473312,419.44612776509024,FCER1G;FTH1;SAMHD1;HLA-DMB;CLEC10A;CST3;HLA-DPA1;HLA-DQB2;HLA-DQA1;HLA-DMA;CD33;RNF130;S100A11;EIF4A1;HLA-DRB1;RAB7A;IL1B;ACTG1;HLA-DRA;PLD4;CSTB;ARPC3;FCER1A;MNDA;CD74;LAMTOR1;AP2S1;COTL1;AP1S2;HLA-DQA2;CYBA;CEBPD;HLA-DRB5;ARPC1B;CFP;GRN;LY86;GSN;TYROBP;LGALS9;ANXA2;CD1C;LYZ;RNASE6;PYCARD;CD1D;GSTP1;CTSH;VIM;IFI30,5,REACTOME,100
Reactome_2022_fixed.gmt,Immunoregulatory Interactions Between A Lymphoid And A non-Lymphoid Cell R-HSA-198933,4/123,0.011022915265810541,0.10678449163753961,5.4997774414671055,24.791781074188073,CD1D;CD33;CD1C;TYROBP,5,REACTOME,100
Reactome_2022_fixed.gmt,Infection With Mycobacterium Tuberculosis R-HSA-9635486,1/26,0.1683144723625949,0.3983014231481253,8.315726290516206,14.81796888750353,RAB7A,5,REACTOME,100
Reactome_2022_fixed.gmt,Infectious Disease R-HSA-5663205,12/961,0.03569843734650469,0.2590777940127929,1.993996840442338,6.64529030604986,SLC25A6;AP2S1;RAB7A;IL1B;ACTG1;AP1S2;PYCARD;CYBA;RPS11;ARPC3;CEBPD;ARPC1B,5,REACTOME,100
Reactome_2022_fixed.gmt,Inflammasomes R-HSA-622312,1/21,0.13827814778856293,0.36953642943495263,10.34892981582877,20.47523406055757,PYCARD,5,REACTOME,100
Reactome_2022_fixed.gmt,Influenza Infection R-HSA-168255,2/157,0.3041775900960663,0.5015694304775562,2.2753076837786894,2.707942810061851,SLC25A6;RPS11,5,REACTOME,100
Reactome_2022_fixed.gmt,Influenza Viral RNA Transcription And Replication R-HSA-168273,1/137,0.6233082257440531,0.7346979086716976,1.5368916797488226,0.7265104258498079,RPS11,5,REACTOME,100
Reactome_2022_fixed.gmt,Innate Immune System R-HSA-168249,29/1035,1.8472233419997132e-11,1.4315980900497777e-09,6.061266602250209,149.8027033506667,FCER1G;FTH1;CLEC10A;CST3;CD33;S100A11;RAB7A;IL1B;ACTG1;PLD4;CSTB;ARPC3;FCER1A;MNDA;LAMTOR1;COTL1;CYBA;ARPC1B;CFP;GRN;LY86;GSN;TYROBP;ANXA2;LYZ;RNASE6;PYCARD;GSTP1;CTSH,5,REACTOME,100
Reactome_2022_fixed.gmt,Inositol Phosphate Metabolism R-HSA-1483249,1/48,0.28866166393333803,0.48633215119203693,4.454779806659506,5.535063863992478,PLD4,5,REACTOME,100
Reactome_2022_fixed.gmt,Interactions Of Vpr With Host Cellular Proteins R-HSA-176033,1/38,0.23625238324420228,0.44119420967290784,5.648163265306122,8.14947848927187,SLC25A6,5,REACTOME,100
Reactome_2022_fixed.gmt,Interferon Alpha/Beta Signaling R-HSA-909733,1/72,0.4004047119779841,0.5827486418458924,2.952618809761667,2.7024713599224137,SAMHD1,5,REACTOME,100
Reactome_2022_fixed.gmt,Interferon Gamma Signaling R-HSA-877300,8/89,1.8636293013470272e-07,5.777250834175785e-06,16.207989298399372,251.1520299308953,HLA-DRB1;HLA-DRA;HLA-DQA2;IFI30;HLA-DPA1;HLA-DQB2;HLA-DQA1;HLA-DRB5,5,REACTOME,100
Reactome_2022_fixed.gmt,Interferon Signaling R-HSA-913531,10/200,1.261289052350929e-06,3.258330051906566e-05,8.738143197216626,118.69348723332679,EIF4A1;SAMHD1;HLA-DRB1;HLA-DRA;HLA-DQA2;IFI30;HLA-DPA1;HLA-DQB2;HLA-DQA1;HLA-DRB5,5,REACTOME,100
Reactome_2022_fixed.gmt,Interleukin-1 Family Signaling R-HSA-446652,1/152,0.6617641463485214,0.765473452865827,1.382703576480097,0.5708437249752438,IL1B,5,REACTOME,100
Reactome_2022_fixed.gmt,Interleukin-1 Processing R-HSA-448706,1/9,0.06175533550998405,0.2791014105145411,24.987995198079233,69.58094428453482,IL1B,5,REACTOME,100
Reactome_2022_fixed.gmt,Interleukin-1 Signaling R-HSA-9020702,1/114,0.5558160662849712,0.6756979629346708,1.8524678593904522,1.0879874505551976,IL1B,5,REACTOME,100
Reactome_2022_fixed.gmt,Interleukin-10 Signaling R-HSA-6783783,1/45,0.273322982005606,0.46812223437424233,4.756477872047696,6.169632674347313,IL1B,5,REACTOME,100
Reactome_2022_fixed.gmt,Interleukin-12 Family Signaling R-HSA-447115,1/54,0.31838713923295503,0.5112165868269662,3.95288956704177,4.524031582395664,ANXA2,5,REACTOME,100
Reactome_2022_fixed.gmt,Interleukin-12 Signaling R-HSA-9020591,1/44,0.2681379372334928,0.46179311412434865,4.866291344123856,6.405274180219483,ANXA2,5,REACTOME,100
Reactome_2022_fixed.gmt,Interleukin-2 Family Signaling R-HSA-451927,1/44,0.2681379372334928,0.46179311412434865,4.866291344123856,6.405274180219483,LGALS9,5,REACTOME,100
Reactome_2022_fixed.gmt,Interleukin-4 And Interleukin-13 Signaling R-HSA-6785807,3/107,0.03971261930812595,0.2590777940127929,4.8302271890788635,15.582729640275538,VIM;IL1B;CEBPD,5,REACTOME,100
Reactome_2022_fixed.gmt,Intra-Golgi And Retrograde Golgi-to-ER Traffic R-HSA-6811442,2/181,0.366176284389238,0.545743500772422,1.9664777639035635,1.9756030273788825,ARF3;ARF5,5,REACTOME,100
Reactome_2022_fixed.gmt,Intracellular Signaling By Second Messengers R-HSA-9006925,1/306,0.88905542541787,0.9351088642653897,0.6754066602090918,0.0794249187283882,LAMTOR1,5,REACTOME,100
Reactome_2022_fixed.gmt,Intrinsic Pathway For Apoptosis R-HSA-109606,1/55,0.3232208097357593,0.5112165868269662,3.8799850215315486,4.382131006279768,BID,5,REACTOME,100
Reactome_2022_fixed.gmt,Iron Uptake And Transport R-HSA-917937,1/59,0.3422196367666297,0.5278014298390806,3.6132914704343277,3.8745416044594836,FTH1,5,REACTOME,100
Reactome_2022_fixed.gmt,Killing Mechanisms R-HSA-9664420,1/11,0.07495920368365122,0.29414371065736555,20.224489795918366,52.39783597850002,CYBA,5,REACTOME,100
Reactome_2022_fixed.gmt,L13a-mediated Translational Silencing Of Ceruloplasmin Expression R-HSA-156827,2/108,0.17683760369677792,0.4073845530191117,3.3380281690140845,5.783212115632829,EIF4A1;RPS11,5,REACTOME,100
Reactome_2022_fixed.gmt,L1CAM Interactions R-HSA-373760,1/99,0.5055099356286992,0.6422462296921998,2.137677405987776,1.4582969885170187,AP2S1,5,REACTOME,100
Reactome_2022_fixed.gmt,LDL Clearance R-HSA-8964038,1/18,0.11974532784238132,0.35693318876094426,12.126530612244897,25.737203773162058,AP2S1,5,REACTOME,100
Reactome_2022_fixed.gmt,Leishmania Infection R-HSA-9658195,6/247,0.007821935777949951,0.08938542092016372,3.9977784830212633,19.392516666355338,ACTG1;IL1B;PYCARD;CYBA;ARPC3;ARPC1B,5,REACTOME,100
Reactome_2022_fixed.gmt,Lysosome Vesicle Biogenesis R-HSA-432720,1/34,0.21423798669011504,0.43125232754440423,6.325007614986293,9.744735532593904,AP1S2,5,REACTOME,100
Reactome_2022_fixed.gmt,M Phase R-HSA-68886,1/380,0.9354553531024411,0.9634257789427134,0.5397273533919497,0.03601161268340676,TUBA1B,5,REACTOME,100
Reactome_2022_fixed.gmt,MET Receptor Activation R-HSA-6806942,1/6,0.04160019013154394,0.2590777940127929,38.62894248608534,122.82653788401107,SPINT2,5,REACTOME,100
Reactome_2022_fixed.gmt,MHC Class II Antigen Presentation R-HSA-2132295,15/104,3.50094948433307e-16,5.426471700716258e-14,30.056945683301254,1069.6764198630647,AP2S1;HLA-DRB1;RAB7A;HLA-DMB;HLA-DRA;AP1S2;HLA-DQA2;IFI30;HLA-DPA1;HLA-DQB2;HLA-DQA1;CTSH;HLA-DMA;HLA-DRB5;CD74,5,REACTOME,100
Reactome_2022_fixed.gmt,MTOR Signaling R-HSA-165159,1/41,0.2523628283084181,0.4522108484139284,5.2282690854119425,7.198737995376477,LAMTOR1,5,REACTOME,100
Reactome_2022_fixed.gmt,Macroautophagy R-HSA-1632852,2/114,0.19208711415722926,0.4135208707551463,3.15816091954023,5.210353750789897,GABARAP;LAMTOR1,5,REACTOME,100
Reactome_2022_fixed.gmt,Major Pathway Of rRNA Processing In Nucleolus And Cytosol R-HSA-6791226,1/179,0.7214725068086539,0.8192544949109257,1.1704681872749099,0.3821122231910811,RPS11,5,REACTOME,100
Reactome_2022_fixed.gmt,Membrane Trafficking R-HSA-199991,8/599,0.059401923532689915,0.2791014105145411,2.123014637184678,5.994180394375345,AP2S1;FTH1;ARF3;RAB7A;AP1S2;ARPC3;GABARAP;ARF5,5,REACTOME,100
Reactome_2022_fixed.gmt,Metabolism Of Amino Acids And Derivatives R-HSA-71291,1/364,0.9274110847495155,0.9615298871984944,0.5643825618280325,0.04253094122153469,RPS11,5,REACTOME,100
Reactome_2022_fixed.gmt,Metabolism Of Carbohydrates R-HSA-71387,1/285,0.8707136887384499,0.9295927186468381,0.7267673325920878,0.10061517519593524,PGLS,5,REACTOME,100
Reactome_2022_fixed.gmt,Metabolism Of Lipids R-HSA-556833,3/732,0.8978723613436604,0.9371731717728443,0.6499853813082052,0.07002120745788788,PLD4;ARF3;GPX1,5,REACTOME,100
Reactome_2022_fixed.gmt,Metabolism Of Nucleotides R-HSA-15869,1/95,0.4911714998554669,0.6397611972907342,2.2290249433106575,1.584751865236527,SAMHD1,5,REACTOME,100
Reactome_2022_fixed.gmt,Metabolism Of Proteins R-HSA-392499,15/1890,0.35140055498177525,0.5341737129850705,1.1862629349260365,1.2406276141738393,EIF4A1;TGFBI;ARF3;RAB7A;LYZ;CST3;KLF4;LGALS1;RPS11;CTSH;TUBA1B;CFP;PPA1;GSN;ARF5,5,REACTOME,100
Reactome_2022_fixed.gmt,Metabolism Of RNA R-HSA-8953854,2/666,0.9536315324328541,0.9788932948814065,0.5060325367790146,0.024025370521739003,EIF4A1;RPS11,5,REACTOME,100
Reactome_2022_fixed.gmt,Metabolism R-HSA-1430728,9/2049,0.9665136196951849,0.9855895463996952,0.5953281919002789,0.020276811934412484,ARF3;SAMHD1;GPX1;PLD4;PGLS;RPS11;ALDH2;GSTP1;PPA1,5,REACTOME,100
Reactome_2022_fixed.gmt,Mitochondrial Protein Import R-HSA-1268020,1/65,0.3697355090265978,0.5458000371345015,3.2752728998576175,3.258789661345856,SLC25A6,5,REACTOME,100
Reactome_2022_fixed.gmt,Mitotic Anaphase R-HSA-68882,1/232,0.8100486309015794,0.8825961609875133,0.8978269493542558,0.1891371184598471,TUBA1B,5,REACTOME,100
Reactome_2022_fixed.gmt,Mitotic Metaphase And Anaphase R-HSA-2555396,1/233,0.8114190512304557,0.8825961609875133,0.8938775510204081,0.18679417198972784,TUBA1B,5,REACTOME,100
Reactome_2022_fixed.gmt,Muscle Contraction R-HSA-397014,4/196,0.04948552836410529,0.2791014105145411,3.3899419729206963,10.190419844833682,MYL6;ANXA2;ALDH2;VIM,5,REACTOME,100
Reactome_2022_fixed.gmt,NGF-stimulated Transcription R-HSA-9031628,1/39,0.2416602220768429,0.44328206416462307,5.500927643784786,7.812541652956363,ID2,5,REACTOME,100
Reactome_2022_fixed.gmt,NLRP3 Inflammasome R-HSA-844456,1/16,0.10717224070661044,0.34250922287679625,13.693877551020408,30.582783395810978,PYCARD,5,REACTOME,100
Reactome_2022_fixed.gmt,Nef Mediated CD4 Down-regulation R-HSA-167590,1/8,0.05508385427886449,0.2791014105145411,28.322448979591837,82.10390858924342,AP2S1,5,REACTOME,100
Reactome_2022_fixed.gmt,Nef Mediated CD8 Down-regulation R-HSA-182218,1/7,0.0483655803757742,0.2791014105145411,32.6828885400314,98.99538652217927,AP2S1,5,REACTOME,100
Reactome_2022_fixed.gmt,Nef Mediated Downregulation Of MHC Class I Complex Cell Surface Expression R-HSA-164940,1/10,0.06838034554550511,0.2864582043122511,22.355531686358756,59.97251064505073,AP1S2,5,REACTOME,100
Reactome_2022_fixed.gmt,Nef-mediated Downmodulation Of Cell Surface Receptors By Recruitment To Clathrin Adapters R-HSA-164938,2/20,0.008593571834442062,0.08938542092016372,19.380242311276795,92.1867896322687,AP2S1;AP1S2,5,REACTOME,100
Reactome_2022_fixed.gmt,Nervous System Development R-HSA-9675108,7/545,0.08887150998388829,0.32212448224377016,2.0380687093779017,4.933275055413822,MYL6;AP2S1;ACTG1;RPS11;ARPC3;ARPC1B;TYROBP,5,REACTOME,100
Reactome_2022_fixed.gmt,Neuronal System R-HSA-112316,2/386,0.7623545976037227,0.8440354473469788,0.8996457557957043,0.24411301046132022,AP2S1;ALDH2,5,REACTOME,100
Reactome_2022_fixed.gmt,Neurotransmitter Clearance R-HSA-112311,1/10,0.06838034554550511,0.2864582043122511,22.355531686358756,59.97251064505073,ALDH2,5,REACTOME,100
Reactome_2022_fixed.gmt,Neurotransmitter Receptors And Postsynaptic Signal Transmission R-HSA-112314,1/182,0.7274275282350942,0.8230019480032087,1.1507842806544106,0.3662266279948752,AP2S1,5,REACTOME,100
Reactome_2022_fixed.gmt,Neutrophil Degranulation R-HSA-6798695,20/468,4.110713758453735e-11,2.4226595841140744e-09,8.35951643091651,199.9164924526633,FCER1G;FTH1;CST3;CD33;S100A11;RAB7A;CSTB;MNDA;LAMTOR1;COTL1;CYBA;CFP;GRN;TYROBP;GSN;ANXA2;LYZ;PYCARD;GSTP1;CTSH,5,REACTOME,100
Reactome_2022_fixed.gmt,Nonsense Mediated Decay (NMD) Enhanced By Exon Junction Complex (EJC) R-HSA-975957,1/112,0.549412250158302,0.673192875688038,1.8860620481376407,1.1295742697367743,RPS11,5,REACTOME,100
Reactome_2022_fixed.gmt,Nonsense Mediated Decay (NMD) Independent Of Exon Junction Complex (EJC) R-HSA-975956,1/92,0.4801492473816994,0.6333883688864971,2.302776848444296,1.6894513280230108,RPS11,5,REACTOME,100
Reactome_2022_fixed.gmt,Nuclear Envelope (NE) Reassembly R-HSA-2995410,1/75,0.41309352910501823,0.5928657130673872,2.832899602794138,2.50451341894826,TUBA1B,5,REACTOME,100
Reactome_2022_fixed.gmt,Nuclear Events (Kinase And Transcription Factor Activation) R-HSA-198725,1/61,0.351520765964369,0.5341737129850705,3.4931691684938437,3.6520611776316296,ID2,5,REACTOME,100
Reactome_2022_fixed.gmt,Nucleotide Catabolism R-HSA-8956319,1/35,0.21979957339359957,0.43125232754440423,6.141082519964508,9.303980612456591,SAMHD1,5,REACTOME,100
Reactome_2022_fixed.gmt,"Nucleotide-binding Domain, Leucine Rich Repeat Containing NLR Signaling Pathways R-HSA-168643",1/53,0.31351941565673785,0.50885350185125,4.0285714285714285,4.672715783884278,PYCARD,5,REACTOME,100
Reactome_2022_fixed.gmt,O-glycosylation Of TSR Domain-Containing Proteins R-HSA-5173214,1/38,0.23625238324420228,0.44119420967290784,5.648163265306122,8.14947848927187,CFP,5,REACTOME,100
Reactome_2022_fixed.gmt,O-linked Glycosylation R-HSA-5173105,1/107,0.5330015301409806,0.6582887424051952,1.9755676918654785,1.2430884027344735,CFP,5,REACTOME,100
Reactome_2022_fixed.gmt,Other Semaphorin Interactions R-HSA-416700,1/19,0.12596620891770016,0.35825252077511055,11.469939327082184,23.76275035235414,TYROBP,5,REACTOME,100
Reactome_2022_fixed.gmt,PCP/CE Pathway R-HSA-4086400,1/88,0.46508577149537267,0.6288750034301567,2.4089795918367347,1.8441544231705775,AP2S1,5,REACTOME,100
Reactome_2022_fixed.gmt,PD-1 Signaling R-HSA-389948,7/21,6.99419252395601e-11,3.0974281177519473e-09,79.70498084291188,1863.7699306774075,HLA-DRB1;HLA-DRA;HLA-DQA2;HLA-DPA1;HLA-DQB2;HLA-DQA1;HLA-DRB5,5,REACTOME,100
Reactome_2022_fixed.gmt,PI Metabolism R-HSA-1483255,1/82,0.4416797425338722,0.6252087679703214,2.5878302241141857,2.114697803735048,ARF3,5,REACTOME,100
Reactome_2022_fixed.gmt,PIP3 Activates AKT Signaling R-HSA-1257604,1/268,0.8537007473881003,0.9189139989246913,0.7742513827961091,0.12246687141372364,LAMTOR1,5,REACTOME,100
Reactome_2022_fixed.gmt,PTEN Regulation R-HSA-6807070,1/139,0.6286747050673267,0.7382165097381488,1.5144035953731674,0.7028972809089038,LAMTOR1,5,REACTOME,100
Reactome_2022_fixed.gmt,Paracetamol ADME R-HSA-9753281,1/28,0.18003768956005906,0.4073845530191117,7.709461966604824,13.218559173914311,GSTP1,5,REACTOME,100
Reactome_2022_fixed.gmt,Pentose Phosphate Pathway R-HSA-71336,1/14,0.09442202732875048,0.3288857131675578,15.72562358276644,37.11217118117437,PGLS,5,REACTOME,100
Reactome_2022_fixed.gmt,Peptide Chain Elongation R-HSA-156902,1/86,0.45739337582434036,0.6288750034301567,2.4658073755818117,1.9287828359985844,RPS11,5,REACTOME,100
Reactome_2022_fixed.gmt,Peptide Hormone Metabolism R-HSA-2980736,1/89,0.46889152602948875,0.6288750034301567,2.3815288827395364,1.8037314547254018,KLF4,5,REACTOME,100
Reactome_2022_fixed.gmt,Phase I - Functionalization Of Compounds R-HSA-211945,1/104,0.5228735419051125,0.6509670602031521,2.033422064477965,1.3185026649252098,ALDH2,5,REACTOME,100
Reactome_2022_fixed.gmt,Phase II - Conjugation Of Compounds R-HSA-156580,1/107,0.5330015301409806,0.6582887424051952,1.9755676918654785,1.2430884027344735,GSTP1,5,REACTOME,100
Reactome_2022_fixed.gmt,Phospholipid Metabolism R-HSA-1483257,2/208,0.43334300670059944,0.6190614381437135,1.7048509643483343,1.4256401932648708,PLD4;ARF3,5,REACTOME,100
Reactome_2022_fixed.gmt,Phosphorylation Of CD3 And TCR Zeta Chains R-HSA-202427,7/20,4.689018549898209e-11,2.4226595841140744e-09,85.61728395061728,2036.2540772874452,HLA-DRB1;HLA-DRA;HLA-DQA2;HLA-DPA1;HLA-DQB2;HLA-DQA1;HLA-DRB5,5,REACTOME,100
Reactome_2022_fixed.gmt,"Plasma Lipoprotein Assembly, Remodeling, And Clearance R-HSA-174824",1/71,0.39611526386181745,0.5792251499866199,2.994789405123752,2.7733248475747443,AP2S1,5,REACTOME,100
Reactome_2022_fixed.gmt,Plasma Lipoprotein Clearance R-HSA-8964043,1/35,0.21979957339359957,0.43125232754440423,6.141082519964508,9.303980612456591,AP2S1,5,REACTOME,100
Reactome_2022_fixed.gmt,"Platelet Activation, Signaling And Aggregation R-HSA-76002",4/254,0.10434244076047293,0.341872417308786,2.590266275958721,5.854201465444112,FCER1G;TAGLN2;ANXA5;SRGN,5,REACTOME,100
Reactome_2022_fixed.gmt,Platelet Adhesion To Exposed Collagen R-HSA-75892,1/12,0.08149222705904821,0.30808037058908466,18.464063886424135,46.29398054481847,FCER1G,5,REACTOME,100
Reactome_2022_fixed.gmt,Platelet Degranulation R-HSA-114608,3/125,0.058183709161040216,0.2791014105145411,4.113286713286714,11.698803890403454,TAGLN2;ANXA5;SRGN,5,REACTOME,100
Reactome_2022_fixed.gmt,Post-chaperonin Tubulin Folding Pathway R-HSA-389977,1/23,0.1504189675267068,0.3879363365309665,9.427210884353741,17.85825557379091,TUBA1B,5,REACTOME,100
Reactome_2022_fixed.gmt,Post-translational Protein Modification R-HSA-597592,7/1383,0.8726176810523545,0.9295927186468381,0.7296686443072204,0.09942301209964124,ARF3;RAB7A;CST3;LGALS1;TUBA1B;CFP;ARF5,5,REACTOME,100
Reactome_2022_fixed.gmt,Post-translational Protein Phosphorylation R-HSA-8957275,2/106,0.17179959641675838,0.40346874916056896,3.4025738327008743,5.993384120604799,LGALS1;CST3,5,REACTOME,100
Reactome_2022_fixed.gmt,Potential Therapeutics For SARS R-HSA-9679191,1/97,0.4983912557477143,0.6403645027710158,2.1824045680448343,1.5197607554602057,AP2S1,5,REACTOME,100
Reactome_2022_fixed.gmt,Prevention Of Phagosomal-Lysosomal Fusion R-HSA-9636383,1/9,0.06175533550998405,0.2791014105145411,24.987995198079233,69.58094428453482,RAB7A,5,REACTOME,100
Reactome_2022_fixed.gmt,Programmed Cell Death R-HSA-5357801,4/208,0.05909724627868534,0.2791014105145411,3.1872756593663842,9.015435339486533,IL1B;BID;VIM;GSN,5,REACTOME,100
Reactome_2022_fixed.gmt,Protein Folding R-HSA-391251,1/96,0.4947941002990592,0.6403645027710158,2.20547066994337,1.5517990738334615,TUBA1B,5,REACTOME,100
Reactome_2022_fixed.gmt,Protein Localization R-HSA-9609507,1/164,0.6897174265153885,0.7918977859991497,1.2797228983336453,0.4753828779674389,SLC25A6,5,REACTOME,100
Reactome_2022_fixed.gmt,Pyroptosis R-HSA-5620971,1/26,0.1683144723625949,0.3983014231481253,8.315726290516206,14.81796888750353,IL1B,5,REACTOME,100
Reactome_2022_fixed.gmt,RAB GEFs Exchange GTP For GDP On RABs R-HSA-8876198,1/89,0.46889152602948875,0.6288750034301567,2.3815288827395364,1.8037314547254018,RAB7A,5,REACTOME,100
Reactome_2022_fixed.gmt,RAB Geranylgeranylation R-HSA-8873719,1/62,0.3561225556957304,0.5359125838139632,3.4360378297660525,3.5476415404058828,RAB7A,5,REACTOME,100
Reactome_2022_fixed.gmt,RAC1 GTPase Cycle R-HSA-9013149,3/178,0.13077994102055232,0.36198019389617164,2.856314625545395,5.810427201186348,RAB7A;CYBA;LAMTOR1,5,REACTOME,100
Reactome_2022_fixed.gmt,RAC2 GTPase Cycle R-HSA-9013404,3/87,0.023416079766534714,0.19618877642231788,5.985062275003103,22.46991275481843,RAB7A;CYBA;LAMTOR1,5,REACTOME,100
Reactome_2022_fixed.gmt,RAC3 GTPase Cycle R-HSA-9013423,3/93,0.02782610124461099,0.22118183040588224,5.585017192752,20.00430737703807,RAB7A;CYBA;LAMTOR1,5,REACTOME,100
Reactome_2022_fixed.gmt,RHO GTPase Cycle R-HSA-9012999,6/441,0.09040267727486452,0.32212448224377016,2.1746377601045865,5.226701399777012,RAB7A;ACTG1;CYBA;VIM;TUBA1B;LAMTOR1,5,REACTOME,100
Reactome_2022_fixed.gmt,RHO GTPase Effectors R-HSA-195258,5/269,0.04110484377651291,0.2590777940127929,3.0372631951149853,9.693818238692739,MYL6;ACTG1;CYBA;ARPC3;ARPC1B,5,REACTOME,100
Reactome_2022_fixed.gmt,RHO GTPases Activate CIT R-HSA-5625900,1/19,0.12596620891770016,0.35825252077511055,11.469939327082184,23.76275035235414,MYL6,5,REACTOME,100
Reactome_2022_fixed.gmt,RHO GTPases Activate Formins R-HSA-5663220,1/119,0.571435447383345,0.6919726120657693,1.7734435546370446,0.9924256726096636,ACTG1,5,REACTOME,100
Reactome_2022_fixed.gmt,RHO GTPases Activate NADPH Oxidases R-HSA-5668599,1/24,0.15642594214958325,0.3879363365309665,9.025184541901867,16.74327501887001,CYBA,5,REACTOME,100
Reactome_2022_fixed.gmt,RHO GTPases Activate PAKs R-HSA-5627123,1/21,0.13827814778856293,0.36953642943495263,10.34892981582877,20.47523406055757,MYL6,5,REACTOME,100
Reactome_2022_fixed.gmt,RHO GTPases Activate PKNs R-HSA-5625740,1/62,0.3561225556957304,0.5359125838139632,3.4360378297660525,3.5476415404058828,MYL6,5,REACTOME,100
Reactome_2022_fixed.gmt,RHO GTPases Activate ROCKs R-HSA-5627117,1/19,0.12596620891770016,0.35825252077511055,11.469939327082184,23.76275035235414,MYL6,5,REACTOME,100
Reactome_2022_fixed.gmt,RHO GTPases Activate WASPs And WAVEs R-HSA-5663213,3/36,0.002036374866353329,0.03006077183664438,15.17117211147062,94.0094435536866,ARPC1B;ACTG1;ARPC3,5,REACTOME,100
Reactome_2022_fixed.gmt,RHOBTB GTPase Cycle R-HSA-9706574,2/35,0.025144038771638733,0.20512242155810545,10.687081832218219,39.36195913266986,ACTG1;VIM,5,REACTOME,100
Reactome_2022_fixed.gmt,RHOBTB1 GTPase Cycle R-HSA-9013422,1/23,0.1504189675267068,0.3879363365309665,9.427210884353741,17.85825557379091,VIM,5,REACTOME,100
Reactome_2022_fixed.gmt,RHOBTB2 GTPase Cycle R-HSA-9013418,1/23,0.1504189675267068,0.3879363365309665,9.427210884353741,17.85825557379091,ACTG1,5,REACTOME,100
Reactome_2022_fixed.gmt,RHOD GTPase Cycle R-HSA-9013405,1/52,0.3086174024133335,0.5061978558102296,4.107192391519715,4.8286328478353795,RAB7A,5,REACTOME,100
Reactome_2022_fixed.gmt,RHOF GTPase Cycle R-HSA-9035034,1/42,0.2576581145550854,0.4564229457832941,5.101794934841406,6.918654872202668,RAB7A,5,REACTOME,100
Reactome_2022_fixed.gmt,RHOG GTPase Cycle R-HSA-9013408,2/74,0.09590790546741922,0.33034945216555506,4.91961950059453,11.533392950531475,RAB7A;LAMTOR1,5,REACTOME,100
Reactome_2022_fixed.gmt,RHOH GTPase Cycle R-HSA-9013407,3/36,0.002036374866353329,0.03006077183664438,15.17117211147062,94.0094435536866,TUBA1B;RAB7A;LAMTOR1,5,REACTOME,100
Reactome_2022_fixed.gmt,RHOJ GTPase Cycle R-HSA-9013409,2/54,0.05553006611723309,0.2791014105145411,6.8068965517241375,19.677585340148298,RAB7A;LAMTOR1,5,REACTOME,100
Reactome_2022_fixed.gmt,RHOQ GTPase Cycle R-HSA-9013406,2/59,0.06493190229942011,0.2795679126780588,6.211994002998501,16.98617713049084,RAB7A;LAMTOR1,5,REACTOME,100
Reactome_2022_fixed.gmt,RNA Polymerase II Transcription R-HSA-73857,5/1312,0.9630710842923493,0.985320251256199,0.5512937260134531,0.020744110336905344,BID;PRELID1;KLF4;SPI1;LAMTOR1,5,REACTOME,100
Reactome_2022_fixed.gmt,ROS And RNS Production In Phagocytes R-HSA-1222556,1/36,0.22532232368715943,0.4338504369131641,5.967519402127048,8.892936767621755,CYBA,5,REACTOME,100
Reactome_2022_fixed.gmt,RUNX1 Regulates Transcription Of Genes Involved In Differentiation Of HSCs R-HSA-8939236,1/98,0.5019631424946994,0.6403645027710158,2.159811616954474,1.4886039009725727,SPI1,5,REACTOME,100
Reactome_2022_fixed.gmt,Rab Regulation Of Trafficking R-HSA-9007101,2/122,0.21267763184151237,0.43125232754440423,2.946201173272285,4.560653790334921,RAB7A;GABARAP,5,REACTOME,100
Reactome_2022_fixed.gmt,Recycling Pathway Of L1 R-HSA-437239,1/28,0.18003768956005906,0.4073845530191117,7.709461966604824,13.218559173914311,AP2S1,5,REACTOME,100
Reactome_2022_fixed.gmt,Regulated Necrosis R-HSA-5218859,1/57,0.33278692985730773,0.5210300416957848,3.7419180061405095,4.117055928538825,IL1B,5,REACTOME,100
Reactome_2022_fixed.gmt,Regulation Of Actin Dynamics For Phagocytic Cup Formation R-HSA-2029482,3/62,0.009464913463219506,0.09464913463219506,8.520361990950226,39.70628112584965,ARPC1B;ACTG1;ARPC3,5,REACTOME,100
Reactome_2022_fixed.gmt,Regulation Of Expression Of SLITs And ROBOs R-HSA-9010553,1/167,0.6963418139822108,0.7965533665479165,1.2562971134399705,0.4546723014132649,RPS11,5,REACTOME,100
Reactome_2022_fixed.gmt,Regulation Of IGF Transport And Uptake By IGFBPs R-HSA-381426,2/123,0.2152680019763342,0.43125232754440423,2.9216687952320135,4.4873078534321085,LGALS1;CST3,5,REACTOME,100
Reactome_2022_fixed.gmt,Regulation Of PTEN Gene Transcription R-HSA-8943724,1/61,0.351520765964369,0.5341737129850705,3.4931691684938437,3.6520611776316296,LAMTOR1,5,REACTOME,100
Reactome_2022_fixed.gmt,Response Of EIF2AK4 (GCN2) To Amino Acid Deficiency R-HSA-9633012,1/98,0.5019631424946994,0.6403645027710158,2.159811616954474,1.4886039009725727,RPS11,5,REACTOME,100
Reactome_2022_fixed.gmt,Response Of Mtb To Phagocytosis R-HSA-9637690,1/22,0.14436980016376802,0.38251827393818877,9.866635026103465,19.095660613667114,RAB7A,5,REACTOME,100
Reactome_2022_fixed.gmt,Response To Elevated Platelet Cytosolic Ca2+ R-HSA-76005,3/130,0.06392322627913684,0.2791014105145411,3.9500617030028793,10.862956082853907,TAGLN2;ANXA5;SRGN,5,REACTOME,100
Reactome_2022_fixed.gmt,Retrograde Neurotrophin Signaling R-HSA-177504,1/14,0.09442202732875048,0.3288857131675578,15.72562358276644,37.11217118117437,AP2S1,5,REACTOME,100
Reactome_2022_fixed.gmt,Ribosomal Scanning And Start Codon Recognition R-HSA-72702,2/57,0.0611096704826697,0.2791014105145411,6.437092264678472,17.992221012921416,EIF4A1;RPS11,5,REACTOME,100
Reactome_2022_fixed.gmt,Role Of Nef In HIV-1 Replication And Disease Pathogenesis R-HSA-164952,2/27,0.01537908526765405,0.14022107155802221,14.050709939148073,58.65815624544586,AP2S1;AP1S2,5,REACTOME,100
Reactome_2022_fixed.gmt,Role Of Phospholipids In Phagocytosis R-HSA-2029485,1/26,0.1683144723625949,0.3983014231481253,8.315726290516206,14.81796888750353,PLD4,5,REACTOME,100
Reactome_2022_fixed.gmt,SARS-CoV Infections R-HSA-9679506,2/369,0.7398478385022123,0.8321012187235015,0.9428571428571428,0.2840929811402769,AP2S1;RPS11,5,REACTOME,100
Reactome_2022_fixed.gmt,SARS-CoV-2 Infection R-HSA-9694516,1/283,0.8688181893160457,0.9295927186468381,0.732057070615857,0.10294288567291092,RPS11,5,REACTOME,100
Reactome_2022_fixed.gmt,SARS-CoV-2 Modulates Host Translation Machinery R-HSA-9754678,1/47,0.28358459633409666,0.4803892069047539,4.551020408163265,5.735399806626333,RPS11,5,REACTOME,100
Reactome_2022_fixed.gmt,SARS-CoV-2-host Interactions R-HSA-9705683,1/196,0.75359812227811,0.840343229878468,1.0669137220105434,0.30182567486535,RPS11,5,REACTOME,100
Reactome_2022_fixed.gmt,SLC-mediated Transmembrane Transport R-HSA-425407,1/247,0.8296112513723315,0.8960957767436334,0.8419505733327813,0.1572747335059925,SLC25A6,5,REACTOME,100
Reactome_2022_fixed.gmt,SRP-dependent Cotranslational Protein Targeting To Membrane R-HSA-1799339,1/108,0.5363301649675619,0.6597712346823182,1.957000474608448,1.2192217228373128,RPS11,5,REACTOME,100
Reactome_2022_fixed.gmt,Scavenging By Class A Receptors R-HSA-3000480,1/19,0.12596620891770016,0.35825252077511055,11.469939327082184,23.76275035235414,FTH1,5,REACTOME,100
Reactome_2022_fixed.gmt,Sealing Of Nuclear Envelope (NE) By ESCRT-III R-HSA-9668328,1/31,0.1973175055629685,0.41611174642530774,6.949146871863499,11.27805637598405,TUBA1B,5,REACTOME,100
Reactome_2022_fixed.gmt,Selenoamino Acid Metabolism R-HSA-2408522,1/114,0.5558160662849712,0.6756979629346708,1.8524678593904522,1.0879874505551976,RPS11,5,REACTOME,100
Reactome_2022_fixed.gmt,Selenocysteine Synthesis R-HSA-2408557,1/90,0.472670567094279,0.6288750034301567,2.3546915973093148,1.7645037097285892,RPS11,5,REACTOME,100
Reactome_2022_fixed.gmt,Sema4D In Semaphorin Signaling R-HSA-400685,1/24,0.15642594214958325,0.3879363365309665,9.025184541901867,16.74327501887001,MYL6,5,REACTOME,100
Reactome_2022_fixed.gmt,Sema4D Induced Cell Migration And Growth-Cone Collapse R-HSA-416572,1/20,0.13214371613260856,0.3625181593018465,10.880690737833595,22.02105122836177,MYL6,5,REACTOME,100
Reactome_2022_fixed.gmt,Semaphorin Interactions R-HSA-373755,2/64,0.07482474850684588,0.29414371065736555,5.7122758620689655,14.80968402295449,MYL6;TYROBP,5,REACTOME,100
Reactome_2022_fixed.gmt,Sensory Perception R-HSA-9709957,1/616,0.9888338767542711,0.9935656242550247,0.3249556524478191,0.003648905052396011,GSN,5,REACTOME,100
Reactome_2022_fixed.gmt,Sensory Processing Of Sound By Outer Hair Cells Of Cochlea R-HSA-9662361,1/53,0.31351941565673785,0.50885350185125,4.0285714285714285,4.672715783884278,GSN,5,REACTOME,100
Reactome_2022_fixed.gmt,Sensory Processing Of Sound R-HSA-9659379,1/75,0.41309352910501823,0.5928657130673872,2.832899602794138,2.50451341894826,GSN,5,REACTOME,100
Reactome_2022_fixed.gmt,Signal Regulatory Protein Family Interactions R-HSA-391160,1/13,0.08797973065718032,0.32212448224377016,16.98530612244898,41.285314359893654,TYROBP,5,REACTOME,100
Reactome_2022_fixed.gmt,Signal Transduction R-HSA-162582,13/2465,0.9145779767409096,0.9514066200996039,0.7127769075855896,0.06364566602742074,MYL6;AP2S1;SPINT2;RGS1;RAB7A;ACTG1;ID2;CYBA;ARPC3;VIM;TUBA1B;ARPC1B;LAMTOR1,5,REACTOME,100
Reactome_2022_fixed.gmt,Signaling By GPCR R-HSA-372790,1/689,0.9935656242550247,0.9935656242550247,0.2883375572451203,0.00186126667156536,RGS1,5,REACTOME,100
Reactome_2022_fixed.gmt,Signaling By Interleukins R-HSA-449147,5/453,0.21489467542565752,0.43125232754440423,1.7587401650585885,2.7042516332802546,ANXA2;IL1B;VIM;CEBPD;LGALS9,5,REACTOME,100
Reactome_2022_fixed.gmt,Signaling By MET R-HSA-6806834,1/63,0.36069212804429857,0.5401669550421863,3.380734693877551,3.4474383318814428,SPINT2,5,REACTOME,100
Reactome_2022_fixed.gmt,Signaling By MST1 R-HSA-8852405,1/5,0.034787357669462685,0.2590777940127929,47.21768707482993,158.58066075913075,SPINT2,5,REACTOME,100
Reactome_2022_fixed.gmt,Signaling By NTRK1 (TRKA) R-HSA-187037,2/114,0.19208711415722926,0.4135208707551463,3.15816091954023,5.210353750789897,AP2S1;ID2,5,REACTOME,100
Reactome_2022_fixed.gmt,Signaling By NTRKs R-HSA-166520,2/132,0.23870060376592286,0.44309692914632387,2.7177962742766546,3.8933660514525608,AP2S1;ID2,5,REACTOME,100
Reactome_2022_fixed.gmt,Signaling By ROBO Receptors R-HSA-376176,1/209,0.7756718862630549,0.8526889529842093,0.9991190720892673,0.2538018968887285,RPS11,5,REACTOME,100
Reactome_2022_fixed.gmt,Signaling By Receptor Tyrosine Kinases R-HSA-9006934,4/496,0.4661690365147071,0.6288750034301567,1.2861216114051193,0.9815769798006824,AP2S1;ID2;CYBA;SPINT2,5,REACTOME,100
Reactome_2022_fixed.gmt,Signaling By Rho GTPases R-HSA-194315,9/644,0.036600718386848946,0.2590777940127929,2.2321727797430646,7.383329802088944,MYL6;RAB7A;ACTG1;CYBA;ARPC3;VIM;TUBA1B;ARPC1B;LAMTOR1,5,REACTOME,100
Reactome_2022_fixed.gmt,"Signaling By Rho GTPases, Miro GTPases And RHOBTB3 R-HSA-9716542",9/660,0.04178674096980531,0.2590777940127929,2.1737915438828774,6.902171155311857,MYL6;RAB7A;ACTG1;CYBA;ARPC3;VIM;TUBA1B;ARPC1B;LAMTOR1,5,REACTOME,100
Reactome_2022_fixed.gmt,Signaling By VEGF R-HSA-194138,1/102,0.5160014863409363,0.6509670602031521,2.0738916256157633,1.372181337401934,CYBA,5,REACTOME,100
Reactome_2022_fixed.gmt,Signaling By WNT R-HSA-195721,1/294,0.8789144540384088,0.9330941121640642,0.7038556478809582,0.09084503519692498,AP2S1,5,REACTOME,100
Reactome_2022_fixed.gmt,Smooth Muscle Contraction R-HSA-445355,3/43,0.0033976996937053225,0.042131476201946,12.540533540533541,71.28862722278258,MYL6;ANXA2;ALDH2,5,REACTOME,100
Reactome_2022_fixed.gmt,Striated Muscle Contraction R-HSA-390522,1/33,0.20863729424309796,0.4311837414357358,6.520251177394035,10.218263591696028,VIM,5,REACTOME,100
Reactome_2022_fixed.gmt,Suppression Of Phagosomal Maturation R-HSA-9637687,1/13,0.08797973065718032,0.32212448224377016,16.98530612244898,41.285314359893654,RAB7A,5,REACTOME,100
Reactome_2022_fixed.gmt,Surfactant Metabolism R-HSA-5683826,1/29,0.18583801562568908,0.4135208707551463,7.438238453276047,12.517661749684532,CTSH,5,REACTOME,100
Reactome_2022_fixed.gmt,Synthesis Of 12-Eicosatetraenoic Acid Derivatives R-HSA-2142712,1/7,0.0483655803757742,0.2791014105145411,32.6828885400314,98.99538652217927,GPX1,5,REACTOME,100
Reactome_2022_fixed.gmt,Synthesis Of 15-Eicosatetraenoic Acid Derivatives R-HSA-2142770,1/6,0.04160019013154394,0.2590777940127929,38.62894248608534,122.82653788401107,GPX1,5,REACTOME,100
Reactome_2022_fixed.gmt,Synthesis Of 5-Eicosatetraenoic Acids R-HSA-2142688,1/9,0.06175533550998405,0.2791014105145411,24.987995198079233,69.58094428453482,GPX1,5,REACTOME,100
Reactome_2022_fixed.gmt,Synthesis Of IP3 And IP4 In Cytosol R-HSA-1855204,1/26,0.1683144723625949,0.3983014231481253,8.315726290516206,14.81796888750353,PLD4,5,REACTOME,100
Reactome_2022_fixed.gmt,Synthesis Of PG R-HSA-1483148,1/8,0.05508385427886449,0.2791014105145411,28.322448979591837,82.10390858924342,PLD4,5,REACTOME,100
Reactome_2022_fixed.gmt,Synthesis Of PIPs At Golgi Membrane R-HSA-1660514,1/17,0.11348077256832248,0.34489254408019576,12.862708719851577,27.99082163817475,ARF3,5,REACTOME,100
Reactome_2022_fixed.gmt,"Synthesis, Secretion, And Deacylation Of Ghrelin R-HSA-422085",1/19,0.12596620891770016,0.35825252077511055,11.469939327082184,23.76275035235414,KLF4,5,REACTOME,100
Reactome_2022_fixed.gmt,TBC/RABGAPs R-HSA-8854214,2/45,0.03999596726051579,0.2590777940127929,8.222354340071343,26.46756661587111,RAB7A;GABARAP,5,REACTOME,100
Reactome_2022_fixed.gmt,TCR Signaling R-HSA-202403,7/116,1.6466401958573886e-05,0.00036461318622556466,10.45814307458143,115.18795916205356,HLA-DRB1;HLA-DRA;HLA-DQA2;HLA-DPA1;HLA-DQB2;HLA-DQA1;HLA-DRB5,5,REACTOME,100
Reactome_2022_fixed.gmt,TP53 Regulates Metabolic Genes R-HSA-5628897,1/81,0.43768170701495496,0.6223914182322754,2.6202307009760424,2.165000541973165,LAMTOR1,5,REACTOME,100
Reactome_2022_fixed.gmt,TP53 Regulates Transcription Of Cell Death Genes R-HSA-5633008,2/44,0.03839026307539937,0.2590777940127929,8.416632860040568,27.43781422086932,PRELID1;BID,5,REACTOME,100
Reactome_2022_fixed.gmt,TP53 Regulates Transcription Of Genes Involved In Cytochrome C Release R-HSA-6803204,2/20,0.008593571834442062,0.08938542092016372,19.380242311276795,92.1867896322687,PRELID1;BID,5,REACTOME,100
Reactome_2022_fixed.gmt,Toll Like Receptor 4 (TLR4) Cascade R-HSA-166016,1/140,0.631329591233995,0.7385365029529752,1.5034013605442176,0.6914552101296628,LY86,5,REACTOME,100
Reactome_2022_fixed.gmt,Toll-like Receptor Cascades R-HSA-168898,1/162,0.6852221768555743,0.7896612447034499,1.2958235925949326,0.489837059062125,LY86,5,REACTOME,100
Reactome_2022_fixed.gmt,Trafficking Of GluR2-containing AMPA Receptors R-HSA-416993,1/17,0.11348077256832248,0.34489254408019576,12.862708719851577,27.99082163817475,AP2S1,5,REACTOME,100
Reactome_2022_fixed.gmt,Transcriptional Regulation By RUNX1 R-HSA-8878171,1/204,0.7674229461456865,0.8466231790219317,1.0241688813117384,0.27111511906132235,SPI1,5,REACTOME,100
Reactome_2022_fixed.gmt,Transcriptional Regulation By TP53 R-HSA-3700989,3/354,0.45815511210301374,0.6288750034301567,1.4016154542470332,1.0940274100276035,PRELID1;BID;LAMTOR1,5,REACTOME,100
Reactome_2022_fixed.gmt,Transcriptional Regulation Of Granulopoiesis R-HSA-9616222,1/59,0.3422196367666297,0.5278014298390806,3.6132914704343277,3.8745416044594836,SPI1,5,REACTOME,100
Reactome_2022_fixed.gmt,Transcriptional Regulation Of Pluripotent Stem Cells R-HSA-452723,1/30,0.19159786140424548,0.4135208707551463,7.185402974749222,11.872847851369952,KLF4,5,REACTOME,100
Reactome_2022_fixed.gmt,Transcriptional Regulation Of White Adipocyte Differentiation R-HSA-381340,2/84,0.11845202718012528,0.35650610122173626,4.319122257053292,9.213755609450933,KLF4;CEBPD,5,REACTOME,100
Reactome_2022_fixed.gmt,Translation Initiation Complex Formation R-HSA-72649,2/57,0.0611096704826697,0.2791014105145411,6.437092264678472,17.992221012921416,EIF4A1;RPS11,5,REACTOME,100
Reactome_2022_fixed.gmt,Translation R-HSA-72766,3/281,0.31844964894954547,0.5112165868269662,1.7818357584964408,2.0389384518274327,EIF4A1;PPA1;RPS11,5,REACTOME,100
Reactome_2022_fixed.gmt,Translocation Of ZAP-70 To Immunological Synapse R-HSA-202430,7/17,1.1963275375774113e-11,1.236205122163325e-09,110.11111111111111,2769.2041031279987,HLA-DRB1;HLA-DRA;HLA-DQA2;HLA-DPA1;HLA-DQB2;HLA-DQA1;HLA-DRB5,5,REACTOME,100
Reactome_2022_fixed.gmt,Transmission Across Chemical Synapses R-HSA-112315,2/246,0.5211610715821974,0.6509670602031521,1.4345250687539666,0.9348744306759958,AP2S1;ALDH2,5,REACTOME,100
Reactome_2022_fixed.gmt,Transport Of Nucleosides And Free Purine And Pyrimidine Bases Across Plasma Membrane R-HSA-83936,1/12,0.08149222705904821,0.30808037058908466,18.464063886424135,46.29398054481847,SLC25A6,5,REACTOME,100
Reactome_2022_fixed.gmt,Transport Of Small Molecules R-HSA-382551,3/706,0.8832759674214831,0.9345240610944019,0.67581672059284,0.0838807448857728,SLC25A6;AP2S1;FTH1,5,REACTOME,100
Reactome_2022_fixed.gmt,"Transport Of Vitamins, Nucleosides, And Related Molecules R-HSA-425397",1/43,0.26291639918444537,0.4604750494190851,4.981272509003602,6.6545774415520125,SLC25A6,5,REACTOME,100
Reactome_2022_fixed.gmt,Transport To Golgi And Subsequent Modification R-HSA-948021,2/164,0.32241452836778306,0.5112165868269662,2.175809018567639,2.46283566549894,ARF3;ARF5,5,REACTOME,100
Reactome_2022_fixed.gmt,VEGFA-VEGFR2 Pathway R-HSA-4420097,1/93,0.4838492527384138,0.6355646963936792,2.277661334804192,1.653540862545354,CYBA,5,REACTOME,100
Reactome_2022_fixed.gmt,VLDLR Internalisation And Degradation R-HSA-8866427,1/16,0.10717224070661044,0.34250922287679625,13.693877551020408,30.582783395810978,AP2S1,5,REACTOME,100
Reactome_2022_fixed.gmt,Vesicle-mediated Transport R-HSA-5653656,8/637,0.07891417715364038,0.3057924364703565,1.9871422002185766,5.046137739830326,AP2S1;FTH1;ARF3;RAB7A;AP1S2;ARPC3;GABARAP;ARF5,5,REACTOME,100
Reactome_2022_fixed.gmt,Viral mRNA Translation R-HSA-192823,1/90,0.472670567094279,0.6288750034301567,2.3546915973093148,1.7645037097285892,RPS11,5,REACTOME,100
Reactome_2022_fixed.gmt,"WNT5A-dependent Internalization Of FZD2, FZD5 And ROR2 R-HSA-5140745",1/11,0.07495920368365122,0.29414371065736555,20.224489795918366,52.39783597850002,AP2S1,5,REACTOME,100
Reactome_2022_fixed.gmt,WNT5A-dependent Internalization Of FZD4 R-HSA-5099900,1/15,0.10081942780394594,0.3360647593464865,14.63969035890218,33.58965992438192,AP2S1,5,REACTOME,100
Reactome_2022_fixed.gmt,"mRNA Activation Upon Binding Of Cap-Binding Complex And eIFs, Subsequent Binding To 43S R-HSA-72662",2/58,0.06301078627392248,0.2791014105145411,6.322551113823619,17.478372358353447,EIF4A1;RPS11,5,REACTOME,100
Reactome_2022_fixed.gmt,mTORC1-mediated Signaling R-HSA-166208,1/24,0.15642594214958325,0.3879363365309665,9.025184541901867,16.74327501887001,LAMTOR1,5,REACTOME,100
Reactome_2022_fixed.gmt,rRNA Processing In Nucleus And Cytosol R-HSA-8868773,1/189,0.7408385044118917,0.8321012187235015,1.10729172305527,0.3321571994939888,RPS11,5,REACTOME,100
Reactome_2022_fixed.gmt,rRNA Processing R-HSA-72312,1/199,0.7588749251646556,0.8431943612940618,1.0504806456587672,0.2898468382873917,RPS11,5,REACTOME,100
Reactome_2022_fixed.gmt,tRNA Aminoacylation R-HSA-379724,1/42,0.2576581145550854,0.4564229457832941,5.101794934841406,6.918654872202668,PPA1,5,REACTOME,100
Reactome_2022_fixed.gmt,trans-Golgi Network Vesicle Budding R-HSA-199992,2/71,0.08941536983861659,0.32212448224377016,5.133465641280079,12.394561258430961,AP1S2;FTH1,5,REACTOME,100
